office_name,address,latitude,longitude,postal_code,price,max_people,MON_OPEN,MON_CLOSE,TUES_OPEN,TUES_CLOSE,WED_OPEN,WED_CLOSE,THUR_OPEN,THUR_CLOSE,FRI_OPEN,FRI_CLOSE,SAT_OPEN,SAT_CLOSE,SUN_OPEN,SUN_CLOSE,AC_HOLD_AT,CAFE_HOLD_AT,PRINTER_HOLD_AT,PARCEL_SNDNG_POSBL_AT,DOORLOCK_AT,ELECT_OUTLET_AT,FAX_AT,N24H_OPER_AT,N365D_OPER_AT,HEATER_HOLD_AT,PARKNG_POSBL_AT,CMNUSE_LOUNGE_AT,CMNUSE_KITCHEN_AT,WPU_HOLD_AT,ROOFTOP_HOLD_AT,REFRESHMENTS_PROVD_AT,INDVDL_LOCKER_AT,TV_HOLD_AT,WBOARD_HOLD_AT,WIFI_HOLD_AT,BATH_FCLTY_HOLD_AT
카페24창업센터 평택서정 ,경기도 평택시 송탄로 119,37.05540144,127.0567224,17783,7000,1,0:00,23:59,0:00,23:59,0:00,23:59,0:00,23:59,0:00,23:59,0:00,23:59,0:00,23:59,Y,N,Y,Y,Y,Y,Y,Y,Y,Y,N,N,N,Y,N,Y,N,N,Y,Y,N
비즈업오피스 3호점 수원화성,경기도 화성시 영통로 59,37.23511492,127.0619193,18378,16000,3,0:00,23:59,0:00,23:59,0:00,23:59,0:00,23:59,0:00,23:59,0:00,23:59,0:00,23:59,Y,N,Y,N,Y,Y,N,Y,Y,Y,Y,Y,N,Y,N,N,N,Y,Y,Y,N
망포비즈스퀘어,경기도 수원시 영통구 영통로 127,37.23876545,127.0558856,16687,7000,1,0:00,23:59,0:00,23:59,0:00,23:59,0:00,23:59,0:00,23:59,0:00,23:59,0:00,23:59,Y,Y,Y,N,N,Y,Y,Y,Y,Y,Y,Y,N,Y,N,N,N,N,N,Y,N
아이비즈영통 - (4층),경기도 수원시 영통구 청명로21번길 19,37.24994909,127.0789083,16705,7000,1,0:00,23:59,0:00,23:59,0:00,23:59,0:00,23:59,0:00,23:59,0:00,23:59,0:00,23:59,Y,Y,Y,N,N,Y,Y,Y,Y,Y,Y,Y,N,Y,N,N,N,N,N,Y,N
아이비즈영통,경기도 수원시 영통구 청명로21번길 19,37.25000698,127.0789784,16705,7000,1,0:00,23:59,0:00,23:59,0:00,23:59,0:00,23:59,0:00,23:59,0:00,23:59,0:00,23:59,Y,Y,Y,N,Y,Y,Y,Y,Y,Y,Y,Y,N,Y,N,Y,N,N,N,Y,N
카페24 수원영통역점,경기도 수원시 영통구 반달로7번길 30,37.25319221,127.0748967,16704,7000,2,0:00,23:59,0:00,23:59,0:00,23:59,0:00,23:59,0:00,23:59,0:00,23:59,0:00,23:59,Y,Y,Y,Y,Y,Y,Y,Y,Y,Y,Y,N,N,Y,N,N,N,Y,Y,Y,N
워크로 프라이빗 오피스 ,경기도 수원시 영통구 봉영로 1612,37.25453581,127.0749518,16704,16000,2,0:00,23:59,0:00,23:59,0:00,23:59,0:00,23:59,0:00,23:59,0:00,23:59,0:00,23:59,Y,N,Y,N,N,Y,Y,Y,Y,N,Y,Y,N,Y,N,N,N,Y,Y,Y,N
리더스벨리비즈센터 ,경기도 수원시 영통구 중부대로448번길 97,37.26650542,127.0594288,16521,7000,5,0:00,23:59,0:00,23:59,0:00,23:59,0:00,23:59,0:00,23:59,0:00,23:59,0:00,23:59,Y,N,Y,N,Y,Y,Y,Y,Y,Y,Y,Y,N,Y,N,N,N,Y,Y,Y,N
아이오피스 ,경기도 수원시 팔달구 경수대로466번길 58,37.26668414,127.0302789,16489,7000,2,0:00,23:59,0:00,23:59,0:00,23:59,0:00,23:59,0:00,23:59,0:00,23:59,0:00,23:59,Y,Y,Y,N,N,Y,Y,Y,Y,Y,Y,Y,N,Y,N,N,N,Y,Y,Y,N
카페24창업센터 수원역점,경기도 수원시 팔달구 매산로 83,37.27021201,127.0101401,16457,16000,3,0:00,23:59,0:00,23:59,0:00,23:59,0:00,23:59,0:00,23:59,0:00,0:00,0:00,0:00,Y,N,Y,Y,Y,Y,Y,Y,Y,Y,Y,Y,N,Y,N,N,Y,N,Y,Y,N
용인 소호 사무실 해시스,경기도 용인시 기흥구 중부대로 579,37.27041693,127.1269592,16978,16000,2,0:00,23:59,0:00,23:59,0:00,23:59,0:00,23:59,0:00,23:59,0:00,23:59,0:00,23:59,Y,N,Y,N,Y,Y,Y,Y,Y,Y,Y,N,N,N,N,Y,N,N,N,Y,N
비즈업오피스 2호점,경기도 용인시 기흥구 강남로 6,37.27068534,127.1271309,16978,16000,2,0:00,23:59,0:00,23:59,0:00,23:59,0:00,23:59,0:00,23:59,0:00,23:59,0:00,23:59,Y,N,Y,Y,Y,Y,Y,Y,Y,Y,Y,N,N,Y,N,Y,N,Y,Y,Y,N
크리피스 ,경기도 용인시 기흥구 동백중앙로 191,37.27087249,127.1529546,17006,7000,4,0:00,23:59,0:00,23:59,0:00,23:59,0:00,23:59,0:00,23:59,0:00,23:59,0:00,23:59,Y,Y,Y,Y,N,Y,Y,Y,Y,Y,Y,Y,N,Y,N,N,Y,Y,Y,Y,N
용인소호사무실 워크로 ,경기도 용인시 기흥구 강남로 8,37.27088611,127.1272857,16978,16000,2,0:00,23:59,0:00,23:59,0:00,23:59,0:00,23:59,0:00,23:59,0:00,23:59,0:00,23:59,Y,N,Y,N,Y,Y,N,Y,Y,N,N,N,N,N,Y,N,N,Y,N,Y,N
용인공유오피스 114소호_기본(창측),경기도 용인시 기흥구 흥덕중앙로 120,37.27489022,127.0800971,16950,16000,3,0:00,23:59,0:00,23:59,0:00,23:59,0:00,23:59,0:00,23:59,0:00,23:59,0:00,23:59,Y,N,Y,N,Y,Y,Y,Y,Y,Y,Y,Y,N,Y,N,Y,N,N,N,Y,N
프리미엄 소호사무실 어반데이즈 A,경기도 수원시 팔달구 팔달문로130번길 69,37.27935763,127.0317142,16240,16000,2,0:00,23:59,0:00,23:59,0:00,23:59,0:00,23:59,0:00,23:59,0:00,23:59,0:00,23:59,Y,Y,Y,Y,Y,Y,Y,Y,Y,Y,Y,N,N,Y,N,Y,N,N,N,Y,N
중소기업 전문 674빌딩,경기도 용인시 기흥구 용구대로 2257-5,37.28817927,127.1078196,16957,25000,6,0:00,23:59,0:00,23:59,0:00,23:59,0:00,23:59,0:00,23:59,0:00,23:59,0:00,23:59,Y,N,N,N,Y,Y,N,Y,Y,N,Y,Y,N,N,Y,N,N,N,N,Y,N
작가들의집필실 공유오피스[2호실],경기도 수원시 영통구 광교중앙로248번길 95-1,37.29153256,127.0683642,16512,7000,1,0:00,23:59,0:00,23:59,0:00,23:59,0:00,23:59,0:00,23:59,0:00,23:59,0:00,23:59,Y,N,Y,N,Y,Y,Y,Y,Y,Y,N,N,N,Y,N,Y,N,Y,N,Y,N
카페24 광교중앙역점 ,경기도 수원시 영통구 광교로 146,37.29295292,127.0485353,16507,7000,2,0:00,23:59,0:00,23:59,0:00,23:59,0:00,23:59,0:00,23:59,0:00,23:59,0:00,23:59,Y,N,Y,Y,Y,Y,Y,Y,Y,Y,Y,Y,N,Y,N,N,N,N,Y,Y,N
isc 공유오피스 안산고잔점,경기도 안산시 단원구 광덕서로 54,37.30943717,126.8273384,15476,7000,7,0:00,23:59,0:00,23:59,0:00,23:59,0:00,23:59,0:00,23:59,0:00,23:59,0:00,23:59,Y,Y,Y,N,Y,Y,Y,Y,Y,N,N,N,N,Y,N,Y,N,Y,Y,Y,N
안산 비상주사무실임대 114소호_기본 계약,경기도 안산시 단원구 광덕대로 154,37.31017074,126.8307346,15470,16000,3,0:00,23:59,0:00,23:59,0:00,23:59,0:00,23:59,0:00,23:59,0:00,23:59,0:00,23:59,Y,N,Y,N,Y,Y,Y,Y,Y,Y,Y,Y,N,Y,N,Y,N,N,N,Y,N
쿰스페이스 1인오피스,경기도 안산시 단원구 중앙대로 915,37.31718303,126.8382701,15361,7000,1,0:00,23:59,0:00,23:59,0:00,23:59,0:00,23:59,0:00,23:59,0:00,0:00,0:00,0:00,Y,Y,Y,Y,Y,Y,Y,Y,Y,Y,Y,N,N,Y,N,Y,N,N,N,Y,N
카페24창업센터 안산중앙점,경기도 안산시 단원구 고잔1길 17,37.3186585,126.835608,15360,7000,2,0:00,23:59,0:00,23:59,0:00,23:59,0:00,23:59,0:00,23:59,0:00,23:59,0:00,23:59,Y,Y,Y,Y,N,Y,Y,Y,Y,Y,Y,Y,N,Y,N,N,N,Y,Y,Y,N
베스트원소호비즈니스센터,경기도 용인시 기흥구 죽전로 10,37.32023258,127.1098224,16897,16000,2,0:00,23:59,0:00,23:59,0:00,23:59,0:00,23:59,0:00,23:59,0:00,23:59,0:00,23:59,Y,Y,Y,N,N,Y,Y,Y,Y,Y,Y,Y,N,Y,N,Y,Y,Y,Y,Y,N
베스트원 소호비즈니스센터,경기도 용인시 기흥구 죽전로 10,37.32026462,127.1098622,16897,7000,1,0:00,23:59,0:00,23:59,0:00,23:59,0:00,23:59,0:00,23:59,0:00,23:59,0:00,23:59,Y,Y,Y,Y,N,Y,Y,Y,Y,Y,Y,Y,N,Y,N,Y,Y,Y,Y,Y,N
비즈업오피스 1호점,경기도 안산시 단원구 풍전로 7,37.32259221,126.7877062,15431,16000,2,5:00,23:30,5:00,23:30,5:00,23:30,5:00,23:30,5:00,23:30,5:00,23:30,5:00,23:30,Y,N,Y,Y,Y,Y,Y,N,Y,Y,Y,Y,N,Y,N,N,N,N,N,Y,N
카페24분당오리점,경기도 성남시 분당구 성남대로 38,37.339308,127.1093922,13637,16000,2,0:00,23:59,0:00,23:59,0:00,23:59,0:00,23:59,0:00,23:59,0:00,23:59,0:00,23:59,Y,N,Y,Y,Y,Y,Y,Y,Y,Y,N,Y,N,Y,N,N,N,N,N,Y,N
독립 ,경기도 군포시 번영로 508,37.35792319,126.9338924,15862,7000,3,0:00,23:59,0:00,23:59,0:00,23:59,0:00,23:59,0:00,23:59,0:00,23:59,0:00,23:59,Y,N,Y,Y,Y,Y,N,Y,Y,Y,Y,N,N,Y,N,N,N,Y,Y,Y,N
산본공유오피스석세스스페이스,경기도 군포시 산본로323번길 26-22,37.35938954,126.9307652,15865,16000,3,0:00,23:59,0:00,23:59,0:00,23:59,0:00,23:59,0:00,23:59,0:00,23:59,0:00,23:59,Y,N,Y,Y,Y,Y,N,Y,Y,Y,N,N,N,Y,N,Y,N,N,Y,Y,N
오피스밸리 군포점 ,경기도 군포시 금산로 13,37.36359691,126.9405759,15827,16000,3,0:00,23:59,0:00,23:59,0:00,23:59,0:00,23:59,0:00,23:59,0:00,23:59,0:00,23:59,Y,Y,Y,Y,Y,Y,Y,Y,Y,Y,Y,N,N,Y,N,Y,N,Y,N,Y,N
카페24창업센터분당서현,경기도 성남시 분당구 돌마로486번길 40,37.37481505,127.1365305,13586,7000,4,0:00,23:59,0:00,23:59,0:00,23:59,0:00,23:59,0:00,23:59,0:00,23:59,0:00,23:59,Y,N,Y,Y,Y,Y,Y,Y,Y,Y,Y,Y,N,Y,N,N,N,N,N,Y,N
가몽스페이스,경기도 안양시 만안구 만안로 31-13,37.38602481,126.9338635,14035,7000,2,0:00,23:59,0:00,23:59,0:00,23:59,0:00,23:59,0:00,23:59,0:00,23:59,0:00,23:59,Y,N,N,N,Y,Y,N,Y,Y,Y,Y,Y,N,Y,N,N,Y,N,N,Y,Y
분당소호사무실퍼스트비즈니스센터,경기도 성남시 분당구 황새울로335번길 8,37.38660438,127.1221266,13590,16000,3,0:00,23:59,0:00,23:59,0:00,23:59,0:00,23:59,0:00,23:59,0:00,23:59,0:00,23:59,Y,Y,Y,Y,N,Y,Y,Y,Y,Y,Y,Y,N,Y,N,N,Y,Y,Y,Y,N
카페24창업센터 안양범계,경기도 안양시 동안구 경수대로 781,37.39001767,126.946257,14040,16000,2,0:00,23:59,0:00,23:59,0:00,23:59,0:00,23:59,0:00,23:59,0:00,23:59,0:00,23:59,Y,N,Y,Y,N,Y,Y,Y,Y,Y,N,Y,N,Y,N,N,N,Y,Y,Y,N
슈가맨워크 명학점 ,경기도 안양시 만안구 덕천로152번길 25,37.39265582,126.9382219,14084,7000,4,0:00,23:59,0:00,23:59,0:00,23:59,0:00,23:59,0:00,23:59,0:00,23:59,0:00,23:59,Y,N,Y,Y,N,Y,N,Y,Y,Y,N,N,N,Y,N,N,N,N,N,Y,N
위스퍼,경기도 안양시 동안구 부림로 121,37.39414519,126.9644642,14066,16000,2,0:00,23:59,0:00,23:59,0:00,23:59,0:00,23:59,0:00,23:59,0:00,23:59,0:00,23:59,Y,N,Y,N,Y,Y,N,Y,Y,Y,Y,Y,N,N,N,Y,N,N,N,Y,N
안양소호사무실 1인 오피스 임대,경기도 안양시 동안구 흥안대로 519,37.40031616,126.9761634,13951,7000,1,0:00,23:59,0:00,23:59,0:00,23:59,0:00,23:59,0:00,23:59,0:00,23:59,0:00,23:59,Y,N,Y,Y,Y,Y,Y,Y,Y,Y,Y,Y,N,Y,N,Y,N,Y,Y,Y,N
슈가맨워크 인덕원역점 ,경기도 안양시 동안구 흥안대로 522,37.40050526,126.9773906,13943,7000,3,0:00,23:59,0:00,23:59,0:00,23:59,0:00,23:59,0:00,23:59,0:00,23:59,0:00,23:59,Y,N,Y,Y,Y,Y,N,Y,Y,Y,N,N,N,Y,N,N,N,N,N,Y,N
지니센터 소호사무실,경기도 안양시 동안구 학의로 268,37.40150969,126.9675887,14056,7000,1,0:00,23:59,0:00,23:59,0:00,23:59,0:00,23:59,0:00,23:59,0:00,23:59,0:00,23:59,Y,N,Y,N,N,Y,Y,Y,Y,Y,Y,N,N,Y,N,N,Y,Y,Y,Y,Y
W 프로젝트 독립 오피스,경기도 성남시 분당구 동판교로266번길 18,37.40652318,127.1164985,13490,25000,10,8:00,20:00,8:00,22:00,8:00,22:00,8:00,22:00,8:00,22:00,8:00,22:00,8:00,22:00,Y,N,N,Y,N,Y,N,N,Y,Y,Y,Y,N,N,N,N,N,Y,Y,Y,Y
카페24창업센터분당야탑,경기도 성남시 분당구 매화로 38,37.41098539,127.1341768,13504,16000,2,0:00,23:59,0:00,23:59,0:00,23:59,0:00,23:59,0:00,23:59,0:00,23:59,0:00,23:59,Y,N,Y,Y,Y,Y,Y,Y,Y,Y,Y,Y,N,Y,N,N,N,N,Y,Y,N
슈가맨워크 야탑점 ,경기도 성남시 분당구 장미로86번길 6,37.41313768,127.1302832,13506,7000,4,0:00,23:59,0:00,23:59,0:00,23:59,0:00,23:59,0:00,23:59,0:00,23:59,0:00,23:59,Y,N,Y,Y,Y,Y,Y,Y,Y,Y,N,N,N,Y,N,N,N,N,N,Y,N
카페24창업센터 성남수진,경기도 성남시 중원구 광명로 132,37.43695551,127.1429219,13360,7000,3,0:00,23:59,0:00,23:59,0:00,23:59,0:00,23:59,0:00,23:59,0:00,23:59,0:00,23:59,Y,Y,Y,Y,N,Y,Y,Y,Y,Y,Y,Y,N,Y,N,N,N,N,Y,Y,N
넥스멘토 공유오피스,경기도 성남시 수정구 성남대로 1275-1,37.44380393,127.1266629,13110,25000,30,0:00,23:59,0:00,23:59,0:00,23:59,0:00,23:59,0:00,23:59,0:00,23:59,0:00,23:59,Y,Y,Y,N,Y,Y,N,Y,Y,Y,Y,N,N,Y,N,Y,N,Y,Y,Y,N
워크앤리브 ,서울특별시 서초구 청계산로 211,37.44677028,127.0568635,6802,10000,1,0:00,23:59,0:00,23:59,0:00,23:59,0:00,23:59,0:00,23:59,0:00,23:59,0:00,23:59,Y,N,Y,Y,Y,Y,Y,Y,Y,Y,Y,N,N,Y,N,Y,N,Y,Y,Y,N
공간i 공유 오피스 비상주 사무실,서울특별시 서초구 매헌로 16,37.46246735,127.0369479,6771,20000,2,0:00,23:59,0:00,23:59,0:00,23:59,0:00,23:59,0:00,23:59,0:00,23:59,0:00,23:59,Y,Y,Y,Y,Y,Y,Y,Y,Y,Y,Y,N,N,Y,Y,Y,Y,Y,Y,Y,N
가산 창업공간비아 6인독립사무실,서울특별시 금천구 가산디지털1로 16,37.46761023,126.8880861,8591,30000,6,7:00,23:59,7:00,23:59,7:00,23:59,7:00,23:59,7:00,23:59,7:00,23:59,7:00,23:59,Y,N,Y,Y,N,Y,Y,N,N,Y,Y,N,N,Y,N,Y,N,Y,Y,Y,N
독산역2번출구(주)인터클러스터,서울특별시 금천구 가산디지털1로 30,37.46880404,126.8874958,8591,20000,2,0:00,23:59,0:00,23:59,0:00,23:59,0:00,23:59,0:00,23:59,0:00,23:59,0:00,23:59,Y,N,Y,Y,N,Y,N,Y,Y,Y,Y,Y,N,Y,N,N,N,N,N,Y,N
"드림빅 공유오피스, 비상주오피스",서울특별시 서초구 바우뫼로 31,37.47102789,127.0259819,6762,20000,2,0:00,23:59,0:00,23:59,0:00,23:59,0:00,23:59,0:00,23:59,0:00,23:59,0:00,23:59,Y,N,Y,N,Y,Y,N,Y,Y,Y,Y,N,N,Y,N,Y,Y,N,Y,Y,N
[양재] 여성전용 오피스,서울특별시 서초구 동산로 68,37.47207627,127.0464132,6784,20000,2,9:00,17:00,9:00,17:00,9:00,17:00,9:00,17:00,9:00,17:00,0:00,0:00,0:00,0:00,N,N,N,N,Y,Y,N,N,N,N,N,Y,N,Y,N,N,N,N,N,Y,Y
[할인] 시혜적동물 낙성대 오피스,서울특별시 관악구 남부순환로246길 18,37.47571446,126.9642194,8793,30000,15,5:00,22:00,5:00,22:00,5:00,22:00,5:00,22:00,5:00,22:00,5:00,22:00,5:00,22:00,Y,N,N,N,Y,Y,N,N,Y,Y,N,Y,N,N,N,N,N,Y,Y,Y,N
낙성대 공유오피스 트그 ,서울특별시 관악구 남부순환로 1921-1,37.4776398,126.9629527,8801,20000,5,0:00,23:59,0:00,23:59,0:00,23:59,0:00,23:59,0:00,23:59,0:00,23:59,0:00,23:59,Y,Y,Y,N,Y,Y,Y,Y,Y,Y,N,N,N,Y,Y,Y,Y,Y,Y,Y,N
1인가산소호사무실 114소호사무실,서울특별시 금천구 가산디지털1로 137,37.47765869,126.8819304,8506,10000,3,0:00,23:59,0:00,23:59,0:00,23:59,0:00,23:59,0:00,23:59,0:00,23:59,0:00,23:59,Y,N,Y,N,Y,Y,Y,Y,Y,Y,Y,N,N,Y,N,Y,N,N,N,Y,N
더클락 창업센터 ,서울특별시 금천구 서부샛길 606,37.4799535,126.8770082,8504,20000,2,0:00,23:59,0:00,23:59,0:00,23:59,0:00,23:59,0:00,23:59,0:00,23:59,0:00,23:59,Y,Y,Y,Y,Y,Y,Y,Y,Y,Y,Y,N,N,Y,N,N,Y,Y,Y,Y,Y
스페이스-G21,서울특별시 금천구 가산디지털1로 168,37.47996643,126.8826362,8507,20000,3,0:00,23:59,0:00,23:59,0:00,23:59,0:00,23:59,0:00,23:59,0:00,23:59,0:00,23:59,Y,Y,Y,Y,Y,Y,Y,Y,Y,Y,Y,N,N,Y,Y,Y,N,Y,Y,Y,N
가산디지털단지역 스카이엠비즈,서울특별시 금천구 벚꽃로 286,37.48035712,126.8841972,8511,10000,2,0:00,23:59,0:00,23:59,0:00,23:59,0:00,23:59,0:00,23:59,0:00,23:59,0:00,23:59,Y,Y,Y,N,N,Y,Y,Y,N,Y,Y,Y,N,Y,N,N,N,N,Y,Y,N
부천소호사무실 - U.S.B,경기도 부천시 경인로 264,37.4826467,126.784834,14752,25000,6,0:00,23:59,0:00,23:59,0:00,23:59,0:00,23:59,0:00,23:59,0:00,23:59,0:00,23:59,Y,Y,Y,Y,Y,Y,Y,Y,Y,Y,Y,N,N,Y,N,Y,N,N,N,Y,N
스페이스액트 신림 오피스,서울특별시 관악구 신림로59길 23,37.48286087,126.9285864,8776,10000,1,0:00,23:59,0:00,23:59,0:00,23:59,0:00,23:59,0:00,23:59,0:00,23:59,0:00,23:59,Y,Y,Y,N,Y,Y,N,Y,Y,Y,Y,N,N,Y,N,Y,Y,Y,Y,Y,N
퍼스트무버(독립오피스),서울특별시 구로구 디지털로 288,37.48356957,126.8955028,8390,30000,20,0:00,23:59,0:00,23:59,0:00,23:59,0:00,23:59,0:00,23:59,8:00,22:00,8:00,22:00,Y,Y,Y,Y,Y,Y,Y,Y,Y,Y,Y,Y,N,Y,N,N,N,Y,Y,Y,N
구로디지털단지[후이즈키스톤],서울특별시 구로구 디지털로34길 55,37.48428564,126.8992821,8378,20000,6,0:00,23:59,0:00,23:59,0:00,23:59,0:00,23:59,0:00,23:59,0:00,23:59,0:00,23:59,Y,N,Y,N,Y,Y,Y,Y,Y,Y,Y,N,N,Y,N,Y,N,Y,Y,Y,N
퍼스트비즈 ,서울특별시 금천구 가산디지털1로 212,37.48443436,126.8805768,8502,20000,4,0:00,23:59,0:00,23:59,0:00,23:59,0:00,23:59,0:00,23:59,0:00,23:59,0:00,23:59,Y,N,Y,N,N,Y,Y,Y,Y,Y,Y,Y,N,Y,N,Y,Y,Y,Y,Y,N
리치앤워크 공유오피스,서울특별시 금천구 가산디지털1로 219,37.48443487,126.8790435,8501,20000,3,0:00,23:59,0:00,23:59,0:00,23:59,0:00,23:59,0:00,23:59,0:00,23:59,0:00,23:59,Y,N,Y,N,N,Y,N,Y,Y,Y,Y,N,N,Y,N,Y,Y,Y,N,Y,N
양재역 에메랄드비즈니스센터 ,서울특별시 서초구 강남대로37길 49,37.48461898,127.0309034,6734,10000,8,9:00,18:00,9:00,18:00,9:00,18:00,9:00,18:00,9:00,18:00,0:00,0:00,0:00,0:00,Y,Y,Y,Y,Y,Y,Y,Y,Y,Y,N,N,N,Y,N,Y,Y,Y,Y,Y,N
구로사무실 넥스트데이 ,서울특별시 구로구 디지털로31길 12,37.48510657,126.8953634,8380,20000,2,0:00,23:59,0:00,23:59,0:00,23:59,0:00,23:59,0:00,23:59,0:00,23:59,0:00,23:59,Y,N,Y,N,Y,Y,Y,Y,Y,Y,Y,N,N,Y,Y,Y,Y,N,Y,Y,Y
가산 비상주사업자등록 114소호,서울특별시 구로구 디지털로31길 41,37.4851718,126.8927513,8375,20000,4,0:00,23:59,0:00,23:59,0:00,23:59,0:00,23:59,0:00,23:59,0:00,23:59,0:00,23:59,Y,N,Y,N,Y,Y,Y,Y,Y,Y,Y,Y,N,Y,N,Y,N,N,N,Y,N
한승공간,서울특별시 구로구 디지털로33길 11,37.48571605,126.895509,8380,30000,30,0:00,23:59,0:00,23:59,0:00,23:59,0:00,23:59,0:00,23:59,0:00,23:59,0:00,23:59,Y,N,N,N,Y,Y,N,Y,Y,Y,Y,Y,N,Y,N,N,N,Y,Y,Y,Y
카페24창업센터 봉천점,서울특별시 관악구 은천로 27,37.48639473,126.9385584,8717,20000,2,0:00,23:59,0:00,23:59,0:00,23:59,0:00,23:59,0:00,23:59,0:00,23:59,0:00,23:59,Y,N,Y,Y,Y,Y,Y,Y,Y,Y,Y,N,N,Y,N,Y,N,N,Y,Y,N
서초(2-3인).탑비즈플레이스,서울특별시 서초구 서초중앙로 56,37.48689948,127.0154594,6640,20000,3,0:00,23:59,0:00,23:59,0:00,23:59,0:00,23:59,0:00,23:59,0:00,23:59,0:00,23:59,Y,Y,Y,Y,Y,Y,Y,Y,Y,Y,Y,N,N,Y,N,Y,Y,Y,Y,Y,N
한승공간 24시간 공유오피스,서울특별시 구로구 디지털로33길 55,37.48690894,126.8931459,8376,30000,20,0:00,23:59,0:00,23:59,0:00,23:59,0:00,23:59,0:00,23:59,0:00,23:59,0:00,23:59,Y,N,N,N,Y,Y,N,Y,Y,Y,Y,Y,N,Y,N,N,N,Y,Y,Y,Y
서초 아우렌 오피스,서울특별시 서초구 서초중앙로8길 89-2,37.48717317,127.0204551,6641,20000,3,0:00,23:59,0:00,23:59,0:00,23:59,0:00,23:59,0:00,23:59,0:00,23:59,0:00,23:59,Y,Y,Y,Y,N,Y,Y,Y,Y,Y,N,Y,N,Y,N,Y,N,N,N,Y,N
[할인] 시혜적동물 신림 오피스,서울특별시 관악구 봉천로14길 21,37.48718511,126.9304591,8753,30000,8,5:00,22:00,5:00,22:00,5:00,22:00,5:00,22:00,5:00,22:00,5:00,22:00,5:00,22:00,Y,N,N,N,Y,Y,N,N,Y,Y,Y,Y,N,N,N,N,N,Y,N,Y,N
무한스페이스 독립사무실스터디,서울특별시 서초구 서리풀4길 8,37.48787394,127.0211912,6642,20000,6,0:00,23:59,0:00,23:59,0:00,23:59,0:00,23:59,0:00,23:59,0:00,23:59,0:00,23:59,Y,Y,Y,N,Y,Y,Y,Y,Y,Y,N,N,N,Y,N,Y,Y,N,Y,Y,N
U.S.B - 송내역점 2인실,경기도 부천시 부일로 226,37.48821624,126.7550192,14624,16000,3,0:00,23:59,0:00,23:59,0:00,23:59,0:00,23:59,0:00,23:59,0:00,23:59,0:00,23:59,Y,N,Y,Y,Y,Y,Y,Y,Y,Y,Y,N,N,Y,N,Y,N,N,N,Y,N
원스탑워크스페이스 교대점,서울특별시 서초구 사임당로 58,37.48865192,127.0162953,6640,30000,5,0:00,23:59,0:00,23:59,0:00,23:59,0:00,23:59,0:00,23:59,0:00,23:59,0:00,23:59,Y,N,Y,N,Y,Y,Y,Y,Y,Y,Y,N,N,Y,N,Y,N,Y,Y,Y,N
오피스허브,서울특별시 강남구 개포로 508,37.4892333,127.0679556,6329,20000,3,9:00,17:00,9:00,17:00,9:00,17:00,9:00,17:00,9:00,17:00,0:00,0:00,0:00,0:00,Y,Y,Y,Y,Y,Y,Y,Y,Y,Y,Y,N,N,Y,N,Y,Y,Y,Y,Y,N
슈가맨워크 송내점 ,경기도 부천시 부일로199번길 21,37.48941271,126.7518341,14598,7000,2,0:00,23:59,0:00,23:59,0:00,23:59,0:00,23:59,0:00,23:59,0:00,23:59,0:00,23:59,Y,N,Y,Y,Y,Y,Y,Y,Y,Y,N,Y,N,Y,N,N,N,N,N,Y,N
블랭크스페이스 ,서울특별시 서초구 강남대로 305,37.4901825,127.0306418,6628,20000,4,0:00,23:59,0:00,23:59,0:00,23:59,0:00,23:59,0:00,23:59,0:00,23:59,0:00,23:59,Y,Y,Y,N,Y,Y,Y,Y,Y,Y,Y,N,N,Y,N,Y,N,Y,N,Y,N
카페24창업센터 송파가락점,서울특별시 송파구 중대로 56,37.4911824,127.1151207,5833,10000,4,0:00,23:59,0:00,23:59,0:00,23:59,0:00,23:59,0:00,23:59,0:00,23:59,0:00,23:59,Y,N,Y,Y,Y,Y,Y,Y,Y,Y,Y,Y,N,Y,N,N,N,N,Y,Y,N
[GARAGE교대] ,서울특별시 서초구 서초중앙로18길 31,37.49164232,127.0160028,6634,20000,4,0:00,23:59,0:00,23:59,0:00,23:59,0:00,23:59,0:00,23:59,0:00,23:59,0:00,23:59,Y,Y,Y,N,Y,Y,Y,Y,Y,Y,Y,N,N,Y,Y,Y,Y,Y,Y,Y,N
[토즈 워크센터 강남2호] ,서울특별시 강남구 강남대로 320,37.49185331,127.0310482,6252,10000,2,9:00,18:00,9:00,18:00,9:00,18:00,9:00,18:00,9:00,18:00,0:00,0:00,0:00,0:00,Y,N,Y,Y,Y,Y,Y,Y,Y,Y,Y,N,N,Y,N,Y,N,N,Y,Y,N
르호봇 프라임 서초 센터 ,서울특별시 서초구 서초대로 248,37.49187553,127.0088203,6647,10000,4,7:00,23:00,7:00,23:00,7:00,23:00,7:00,23:00,7:00,23:00,7:00,23:00,7:00,23:00,Y,N,Y,N,N,Y,Y,N,N,Y,N,Y,N,Y,N,N,N,Y,Y,Y,N
넥스트데이 서초 공유오피스,서울특별시 서초구 반포대로28길 94,37.49194124,127.0133492,6644,20000,12,0:00,23:59,0:00,23:59,0:00,23:59,0:00,23:59,0:00,23:59,0:00,23:59,0:00,23:59,Y,Y,Y,N,Y,Y,Y,Y,Y,Y,Y,N,N,Y,Y,Y,Y,N,N,Y,N
비즈타운 가락-BIZTOWN,서울특별시 송파구 중대로 97,37.49316946,127.1193172,5719,20000,3,0:00,23:59,0:00,23:59,0:00,23:59,0:00,23:59,0:00,23:59,0:00,23:59,0:00,23:59,Y,N,Y,Y,N,Y,Y,Y,Y,Y,Y,Y,N,Y,N,Y,Y,Y,Y,Y,N
공간구독서비스[모아] 강남역,서울특별시 서초구 강남대로 341,37.4932549,127.0293618,6626,10000,1,9:00,18:00,9:00,18:00,9:00,18:00,9:00,18:00,9:00,18:00,0:00,0:00,0:00,0:00,Y,N,Y,Y,Y,Y,Y,N,N,Y,Y,N,N,Y,N,N,Y,Y,Y,Y,N
벤처스페이스 오피스 ,서울특별시 강남구 강남대로 342,37.49368428,127.0302202,6242,30000,8,9:00,22:00,9:00,22:00,9:00,22:00,9:00,22:00,9:00,22:00,9:00,22:00,9:00,22:00,Y,N,Y,Y,N,Y,Y,Y,N,Y,N,Y,N,Y,N,Y,N,Y,Y,Y,N
"교대 유니언워크 사무실, 스터디룸",서울특별시 서초구 서초대로56길 18,37.49372846,127.0170232,6633,20000,4,0:00,23:59,0:00,23:59,0:00,23:59,0:00,23:59,0:00,23:59,0:00,0:00,0:00,0:00,Y,N,N,N,Y,Y,N,Y,Y,Y,N,N,N,Y,Y,N,N,Y,N,Y,Y
[차고123] 강남역 독립실,서울특별시 강남구 역삼로 123,37.49415449,127.0330086,6243,20000,6,6:00,23:00,6:00,23:00,6:00,23:00,6:00,23:00,6:00,23:00,6:30,22:30,6:30,22:30,Y,Y,Y,Y,Y,Y,Y,N,Y,Y,Y,N,N,Y,N,Y,Y,Y,Y,Y,N
강남역 소호사무실 비타임,서울특별시 서초구 서초대로74길 33,37.49462035,127.0276061,6621,20000,3,0:00,23:59,0:00,23:59,0:00,23:59,0:00,23:59,0:00,23:59,0:00,23:59,0:00,23:59,Y,N,Y,Y,Y,Y,Y,Y,Y,Y,N,Y,N,Y,N,Y,N,N,N,Y,N
마이파트너스 강남,서울특별시 강남구 강남대로 354,37.49464902,127.0297333,6242,20000,5,0:00,23:59,0:00,23:59,0:00,23:59,0:00,23:59,0:00,23:59,0:00,0:00,0:00,0:00,Y,N,Y,N,Y,Y,Y,Y,Y,Y,Y,N,N,Y,N,Y,Y,Y,Y,Y,N
강남 이노코웍스 독립오피스 ,서울특별시 강남구 역삼로19길 3,37.49547932,127.0366999,6246,30000,8,0:00,23:59,0:00,23:59,0:00,23:59,0:00,23:59,0:00,23:59,0:00,23:59,0:00,23:59,Y,Y,Y,N,N,Y,Y,Y,Y,Y,N,Y,N,Y,N,N,Y,Y,Y,Y,N
강남역 휴스피치 독립 오피스,서울특별시 강남구 테헤란로4길 27,37.49669224,127.0304223,6240,30000,7,9:00,18:00,9:00,18:00,9:00,18:00,9:00,18:00,9:00,18:00,9:00,18:00,0:00,0:00,Y,N,Y,N,N,Y,N,N,N,Y,N,N,N,Y,N,Y,N,N,Y,Y,N
워킹데스크 역삼점 ,서울특별시 강남구 역삼로 215,37.49678424,127.0405905,6224,10000,4,0:00,23:59,0:00,23:59,0:00,23:59,0:00,23:59,0:00,23:59,0:00,23:59,0:00,23:59,Y,N,Y,N,N,Y,Y,Y,Y,Y,N,Y,N,Y,N,Y,Y,Y,Y,Y,N
슈가맨워크 역삼역점 ,서울특별시 강남구 논현로76길 24,37.49729089,127.0408169,6224,20000,4,9:00,18:00,9:00,18:00,9:00,18:00,9:00,18:00,9:00,18:00,0:00,0:00,0:00,0:00,Y,Y,Y,N,N,Y,Y,Y,Y,Y,Y,N,N,Y,N,N,N,Y,Y,Y,N
역삼역 공유오피스 독립형 크리액션,서울특별시 강남구 논현로79길 8,37.49781105,127.0375217,6237,10000,1,0:00,23:59,0:00,23:59,0:00,23:59,0:00,23:59,0:00,23:59,0:00,23:59,0:00,23:59,Y,N,Y,N,Y,Y,N,Y,Y,Y,Y,N,N,Y,N,Y,N,Y,N,Y,N
위플레이스 공유오피스,서울특별시 서초구 서초대로73길 9,37.49830825,127.0252278,6616,10000,1,0:00,23:59,0:00,23:59,0:00,23:59,0:00,23:59,0:00,23:59,0:00,23:59,0:00,23:59,Y,Y,Y,N,Y,Y,Y,Y,Y,Y,Y,N,N,Y,N,Y,Y,N,Y,Y,N
"역삼 원데이 오피스, 아룸",서울특별시 강남구 논현로85길 5-5,37.49889057,127.0371498,6237,30000,6,0:00,23:59,0:00,23:59,0:00,23:59,0:00,23:59,0:00,23:59,0:00,23:59,0:00,23:59,Y,N,N,N,Y,Y,N,Y,Y,N,N,Y,N,N,N,N,N,Y,Y,Y,Y
한승공간,서울특별시 강남구 테헤란로22길 12,37.4990845,127.0349802,6236,20000,20,0:00,23:59,0:00,23:59,0:00,23:59,0:00,23:59,0:00,23:59,0:00,23:59,0:00,23:59,Y,N,N,N,Y,Y,N,Y,Y,Y,N,Y,N,Y,N,N,N,N,Y,Y,N
위강남 공유오피스 ,서울특별시 강남구 테헤란로20길 10,37.49908628,127.0341418,6235,10000,5,0:00,23:59,0:00,23:59,0:00,23:59,0:00,23:59,0:00,23:59,0:00,23:59,0:00,23:59,Y,Y,Y,Y,N,Y,Y,Y,Y,Y,Y,Y,N,Y,N,Y,Y,Y,Y,Y,N
[GARAGE강남점]독립오피스,서울특별시 강남구 테헤란로 128,37.49912979,127.0325908,6234,20000,6,0:00,23:59,0:00,23:59,0:00,23:59,0:00,23:59,0:00,23:59,0:00,23:59,0:00,23:59,Y,N,Y,N,Y,Y,Y,Y,Y,Y,Y,N,N,Y,N,Y,Y,Y,Y,Y,N
강남 공유오피스 유니언워크 ,서울특별시 강남구 강남대로94길 28,37.49962514,127.0295903,6134,10000,6,0:00,23:59,0:00,23:59,0:00,23:59,0:00,23:59,0:00,23:59,0:00,23:59,0:00,23:59,Y,Y,Y,Y,N,Y,Y,Y,Y,Y,Y,N,N,Y,Y,Y,N,Y,Y,Y,N
파티앤스터디 헬리오 404 비상주,서울특별시 송파구 가락로 71,37.50026384,127.1041325,5690,30000,25,0:00,23:59,0:00,23:59,0:00,23:59,0:00,23:59,0:00,23:59,0:00,23:59,0:00,23:59,Y,Y,Y,N,Y,Y,N,Y,Y,Y,N,Y,N,Y,N,N,N,Y,Y,Y,N
아트앤 스페이스 역삼 오피스,서울특별시 강남구 테헤란로13길 8-7,37.50050081,127.0330617,6133,30000,6,0:00,23:59,0:00,23:59,0:00,23:59,0:00,23:59,0:00,23:59,0:00,23:59,0:00,23:59,Y,N,N,N,Y,Y,N,Y,Y,Y,Y,Y,N,N,N,N,N,Y,Y,Y,Y
(주)파란 인베스트먼트,경기도 부천시 조마루로385번길 92,37.50081646,126.7901822,14558,25000,20,0:00,23:59,0:00,23:59,0:00,23:59,0:00,23:59,0:00,23:59,0:00,23:59,0:00,23:59,Y,N,Y,N,Y,Y,Y,Y,Y,Y,Y,Y,N,Y,Y,N,N,Y,N,Y,N
콘크리에이트부천점 ,경기도 부천시 신흥로 190-1,37.50103346,126.7779794,14549,7000,4,0:00,23:59,0:00,23:59,0:00,23:59,0:00,23:59,0:00,23:59,0:00,23:59,0:00,23:59,Y,Y,Y,N,Y,Y,Y,Y,Y,Y,Y,N,N,Y,N,Y,N,Y,N,Y,N
카페24창업센터 선릉점,서울특별시 강남구 언주로85길 7,37.50104645,127.0426411,6222,30000,5,0:00,23:59,0:00,23:59,0:00,23:59,0:00,23:59,0:00,23:59,0:00,23:59,0:00,23:59,Y,N,Y,Y,Y,Y,Y,Y,Y,Y,Y,N,N,Y,N,Y,N,N,Y,Y,N
카페24 선릉점 유튜브랩,서울특별시 강남구 언주로 425,37.50111721,127.0430583,6222,20000,4,0:00,23:59,0:00,23:59,0:00,23:59,0:00,23:59,0:00,23:59,0:00,23:59,0:00,23:59,Y,N,Y,Y,Y,Y,Y,Y,Y,Y,Y,N,N,Y,N,N,N,Y,Y,Y,N
슈가맨워크 신중동점 ,경기도 부천시 중동로254번길 78,37.50159212,126.7731181,14548,7000,3,0:00,23:59,0:00,23:59,0:00,23:59,0:00,23:59,0:00,23:59,0:00,23:59,0:00,23:59,Y,Y,Y,N,N,Y,Y,Y,Y,Y,Y,Y,N,Y,N,N,Y,N,Y,Y,N
강남.역삼 독립 오피스 ,서울특별시 강남구 테헤란로38길 5,37.50164256,127.0416306,6221,20000,3,9:00,22:00,9:00,22:00,9:00,22:00,9:00,22:00,9:00,22:00,0:00,0:00,0:00,0:00,Y,Y,Y,N,Y,Y,Y,Y,Y,Y,Y,N,N,Y,Y,Y,Y,Y,Y,Y,N
이노워크비지니스센터 ,서울특별시 강남구 논현로 509,37.50192684,127.0360848,6132,10000,1,0:00,23:59,0:00,23:59,0:00,23:59,0:00,23:59,0:00,23:59,0:00,23:59,0:00,23:59,Y,N,Y,N,N,Y,Y,Y,N,Y,Y,Y,N,Y,N,Y,Y,Y,Y,Y,N
선릉 워킹데이 ,서울특별시 강남구 언주로 432,37.50208441,127.0433659,6210,20000,4,0:00,23:59,0:00,23:59,0:00,23:59,0:00,23:59,0:00,23:59,0:00,23:59,0:00,23:59,Y,N,Y,N,N,Y,Y,Y,Y,Y,N,Y,N,Y,N,N,Y,Y,Y,Y,N
어반엑시트 독립형 공유오피스,서울특별시 강남구 논현로95길 24,37.50209949,127.0339263,6131,30000,5,0:00,23:59,0:00,23:59,0:00,23:59,0:00,23:59,0:00,23:59,12:30,23:59,12:30,23:59,Y,N,Y,N,Y,Y,Y,N,N,Y,Y,N,N,Y,Y,Y,N,Y,N,Y,Y
보라매 카페24 창업센터,서울특별시 영등포구 여의대방로 171,37.50240551,126.9209485,7391,10000,4,0:00,23:59,0:00,23:59,0:00,23:59,0:00,23:59,0:00,23:59,0:00,23:59,0:00,23:59,Y,N,Y,Y,Y,Y,Y,Y,Y,Y,N,N,N,Y,N,N,N,N,Y,Y,N
토즈 워크센터 ,서울특별시 강남구 테헤란로52길 21,37.50292898,127.0485517,6212,10000,2,10:00,18:00,10:00,18:00,10:00,18:00,10:00,18:00,10:00,18:00,0:00,0:00,0:00,0:00,Y,N,Y,Y,Y,Y,Y,Y,Y,Y,N,N,N,Y,N,Y,Y,Y,Y,Y,N
공간구독서비스[모아] 역삼역,서울특별시 강남구 테헤란로33길 18,37.50300242,127.039336,6142,10000,3,10:00,18:00,10:00,18:00,10:00,18:00,10:00,18:00,10:00,18:00,0:00,0:00,0:00,0:00,Y,Y,Y,Y,Y,Y,Y,N,N,Y,Y,N,N,Y,Y,N,Y,Y,Y,Y,N
슈가맨워크 구로점 ,서울특별시 구로구 경인로 572,37.50334151,126.8810906,8213,20000,5,0:00,23:59,0:00,23:59,0:00,23:59,0:00,23:59,0:00,23:59,0:00,23:59,0:00,23:59,Y,N,Y,Y,N,Y,Y,Y,Y,N,Y,N,N,Y,N,N,N,Y,Y,Y,N
송파구 잠실 소호사무실,서울특별시 송파구 백제고분로20길 13-8,37.5034052,127.0862277,5578,20000,4,0:00,23:59,0:00,23:59,0:00,23:59,0:00,23:59,0:00,23:59,0:00,23:59,0:00,23:59,Y,N,Y,N,N,Y,Y,Y,N,Y,Y,Y,N,Y,N,N,N,N,N,Y,N
코쿤피스 신논현역,서울특별시 서초구 사평대로 335,37.50343647,127.0197427,6543,20000,5,0:00,23:59,0:00,23:59,0:00,23:59,0:00,23:59,0:00,23:59,9:00,18:00,9:00,18:00,Y,N,Y,Y,Y,Y,Y,Y,Y,Y,Y,N,N,Y,Y,Y,Y,Y,Y,Y,N
신논현역 빅토리,서울특별시 서초구 사평대로 368,37.50378789,127.0235177,6611,30000,5,0:00,23:59,0:00,23:59,0:00,23:59,0:00,23:59,0:00,23:59,0:00,23:59,0:00,23:59,Y,Y,Y,Y,Y,Y,Y,Y,Y,Y,Y,N,N,Y,N,Y,Y,Y,Y,Y,N
카페24창업센터 석촌점 ,서울특별시 송파구 가락로 171,37.50423844,127.1139954,5664,10000,1,9:00,18:00,9:00,18:00,9:00,18:00,9:00,18:00,9:00,18:00,0:00,0:00,0:00,0:00,Y,N,Y,N,Y,Y,Y,Y,Y,Y,Y,Y,N,Y,N,Y,N,N,Y,Y,N
선릉 공유오피스 더공간A,서울특별시 강남구 테헤란로70길 14-10,37.50436547,127.0527282,6193,10000,7,0:00,23:59,0:00,23:59,0:00,23:59,0:00,23:59,0:00,23:59,0:00,23:59,0:00,23:59,Y,Y,Y,N,N,Y,Y,Y,Y,Y,Y,N,N,Y,Y,Y,Y,Y,Y,Y,N
선릉 공유오피스 더공간B,서울특별시 강남구 테헤란로70길 14-10,37.50438925,127.0527431,6193,10000,7,0:00,23:59,0:00,23:59,0:00,23:59,0:00,23:59,0:00,23:59,0:00,23:59,0:00,23:59,Y,Y,Y,N,Y,Y,Y,Y,Y,Y,Y,N,N,Y,Y,Y,Y,Y,Y,Y,N
테헤란비즈니스센터,서울특별시 강남구 역삼로83길 18,37.50483814,127.0595404,6184,10000,1,0:00,23:59,0:00,23:59,0:00,23:59,0:00,23:59,0:00,23:59,0:00,23:59,0:00,23:59,N,N,N,N,N,N,N,N,N,N,N,Y,N,N,N,N,N,N,N,Y,N
VenOffice,서울특별시 강남구 역삼로83길 25,37.50514156,127.0590853,6185,20000,3,0:00,23:59,0:00,23:59,0:00,23:59,0:00,23:59,0:00,23:59,0:00,23:59,0:00,23:59,Y,Y,Y,Y,Y,Y,Y,Y,Y,Y,Y,N,N,Y,Y,Y,Y,Y,Y,Y,Y
강남 [테헤란센터],서울특별시 강남구 삼성로82길 20,37.50522756,127.0593515,6184,20000,2,0:00,23:59,0:00,23:59,0:00,23:59,0:00,23:59,0:00,23:59,0:00,23:59,0:00,23:59,Y,Y,Y,Y,Y,Y,Y,Y,Y,Y,Y,N,N,Y,Y,Y,Y,Y,Y,Y,N
강남소호사무실 오피스링크,서울특별시 서초구 반포대로 300-3,37.50578145,127.0012367,6509,20000,4,0:00,23:59,0:00,23:59,0:00,23:59,0:00,23:59,0:00,23:59,0:00,23:59,0:00,23:59,Y,N,Y,N,Y,Y,Y,Y,Y,Y,Y,N,N,Y,Y,Y,N,Y,Y,Y,N
소호사무실 한피스 상도점,서울특별시 동작구 등용로 37,37.50587004,126.9349527,6948,30000,8,0:00,23:59,0:00,23:59,0:00,23:59,0:00,23:59,0:00,23:59,0:00,23:59,0:00,23:59,Y,N,N,N,Y,Y,N,Y,Y,Y,Y,Y,N,Y,N,N,N,N,N,Y,N
비즈니스 센터 함께,서울특별시 강남구 테헤란로 419,37.50587012,127.0521804,6160,30000,5,0:00,23:59,0:00,23:59,0:00,23:59,0:00,23:59,0:00,23:59,0:00,23:59,0:00,23:59,Y,Y,Y,Y,Y,Y,Y,Y,Y,Y,Y,N,N,Y,N,Y,Y,Y,Y,Y,N
온비즈 오피스 ,서울특별시 강남구 테헤란로82길 15,37.5060319,127.0582355,6178,10000,8,0:00,23:59,0:00,23:59,0:00,23:59,0:00,23:59,0:00,23:59,0:00,23:59,0:00,23:59,Y,Y,Y,N,N,Y,Y,Y,Y,Y,Y,Y,N,Y,N,Y,N,N,N,Y,N
온비즈오피스,서울특별시 강남구 테헤란로82길 15,37.50604704,127.058229,6178,10000,3,0:00,23:59,0:00,23:59,0:00,23:59,0:00,23:59,0:00,23:59,0:00,23:59,0:00,23:59,Y,Y,Y,N,N,Y,Y,Y,Y,Y,Y,Y,N,Y,N,Y,N,Y,Y,Y,N
HJBC 강남점 ,서울특별시 강남구 테헤란로 425,37.5062489,127.0533834,6159,30000,20,9:00,18:00,9:00,18:00,9:00,18:00,9:00,18:00,9:00,18:00,0:00,0:00,0:00,0:00,Y,Y,Y,Y,Y,Y,Y,Y,Y,Y,Y,N,N,Y,Y,Y,Y,Y,Y,Y,N
상동역 쾌적한 단독오피스 소봄,경기도 부천시 송내대로265번길 17,37.50686573,126.7579697,14542,16000,3,0:00,23:59,0:00,23:59,0:00,23:59,0:00,23:59,0:00,23:59,0:00,23:59,0:00,23:59,Y,Y,N,N,Y,Y,N,Y,Y,Y,N,Y,N,N,N,N,N,N,N,Y,N
공간구독서비스[모아]비상주 신논현,서울특별시 강남구 강남대로 502,37.50713266,127.0236764,6119,10000,1,9:00,18:00,9:00,18:00,9:00,18:00,9:00,18:00,9:00,18:00,0:00,0:00,0:00,0:00,N,N,Y,Y,N,Y,Y,N,N,N,Y,N,N,Y,N,N,Y,N,Y,Y,N
슈가맨워크 상동2호점 ,경기도 부천시 상동로 113,37.50747259,126.7530252,14543,16000,3,0:00,23:59,0:00,23:59,0:00,23:59,0:00,23:59,0:00,23:59,0:00,23:59,0:00,23:59,Y,Y,Y,Y,N,Y,Y,Y,Y,Y,Y,Y,N,Y,N,N,N,Y,Y,Y,N
"강남 소호사무실, 공유오피스",서울특별시 강남구 강남대로 508,37.50767303,127.0234693,6114,20000,2,0:00,23:59,0:00,23:59,0:00,23:59,0:00,23:59,0:00,23:59,0:00,23:59,0:00,23:59,Y,N,Y,N,Y,Y,Y,Y,Y,Y,N,Y,N,Y,N,Y,N,N,Y,Y,N
마이파트너스 삼성,서울특별시 강남구 테헤란로108길 25,37.50787767,127.0664812,6175,20000,4,0:00,23:59,0:00,23:59,0:00,23:59,0:00,23:59,0:00,23:59,0:00,23:59,0:00,23:59,Y,N,Y,N,N,Y,Y,Y,N,Y,Y,Y,N,Y,N,Y,Y,Y,Y,Y,N
스튜디오모노 공유오피스,서울특별시 강남구 논현로115길 71,37.50832105,127.0272031,6118,20000,10,0:00,23:59,0:00,23:59,0:00,23:59,0:00,23:59,0:00,23:59,0:00,23:59,0:00,23:59,Y,N,Y,N,Y,Y,Y,Y,Y,Y,N,N,N,Y,Y,Y,N,Y,Y,Y,N
카페24창업센터 신도림점,서울특별시 영등포구 도영로 19,37.50852025,126.8955209,7372,10000,4,0:00,23:59,0:00,23:59,0:00,23:59,0:00,23:59,0:00,23:59,0:00,23:59,0:00,23:59,Y,N,Y,Y,Y,Y,Y,Y,Y,Y,Y,Y,N,Y,Y,N,N,Y,Y,Y,N
공간구독서비스[모아] 언주점,서울특별시 강남구 언주로113길 7,37.5093046,127.0367849,6109,10000,3,9:00,18:00,9:00,18:00,9:00,18:00,9:00,18:00,9:00,18:00,0:00,0:00,0:00,0:00,N,N,Y,N,Y,Y,Y,N,N,N,Y,N,N,Y,N,N,N,Y,Y,Y,N
카페24 잠실종합운동장역점,서울특별시 송파구 백제고분로7길 8-16,37.50965271,127.0797734,5561,10000,3,0:00,23:59,0:00,23:59,0:00,23:59,0:00,23:59,0:00,23:59,0:00,23:59,0:00,23:59,Y,N,Y,Y,Y,Y,Y,Y,Y,Y,N,Y,N,Y,N,N,N,N,Y,Y,N
잭팟 공유오피스,서울특별시 강남구 삼성로 540,37.51009601,127.0553483,6166,30000,25,0:00,23:59,0:00,23:59,0:00,23:59,0:00,23:59,0:00,23:59,0:00,23:59,0:00,23:59,Y,Y,Y,Y,Y,Y,Y,Y,Y,Y,Y,N,N,Y,N,N,Y,Y,Y,Y,N
[GARAGE선정릉]독립오피스,서울특별시 강남구 선릉로 578,37.51009721,127.0441581,6153,20000,3,0:00,23:59,0:00,23:59,0:00,23:59,0:00,23:59,0:00,23:59,0:00,23:59,0:00,23:59,Y,N,Y,N,Y,Y,Y,Y,Y,Y,Y,N,N,Y,N,Y,Y,Y,Y,Y,N
ShareSpace,서울특별시 강남구 영동대로 511,37.51035685,127.0610238,6164,30000,7,9:00,22:00,9:00,22:00,9:00,22:00,9:00,22:00,9:00,22:00,9:00,22:00,9:00,22:00,Y,Y,Y,Y,Y,Y,Y,Y,Y,Y,Y,Y,N,Y,N,N,N,Y,Y,Y,N
[삼성동] 모두의캠퍼스 ,서울특별시 강남구 삼성로103길 6,37.51051162,127.0540307,6155,30000,6,0:00,23:59,0:00,23:59,0:00,23:59,0:00,23:59,0:00,23:59,0:00,23:59,0:00,23:59,Y,N,Y,N,N,Y,N,Y,Y,N,N,Y,N,Y,N,Y,Y,Y,Y,Y,N
삼성사무실,서울특별시 강남구 영동대로 510,37.51054141,127.062845,6173,20000,2,0:00,23:59,0:00,23:59,0:00,23:59,0:00,23:59,0:00,23:59,0:00,23:59,0:00,23:59,Y,N,N,N,Y,Y,N,Y,Y,Y,Y,Y,N,Y,N,N,N,N,N,Y,N
위즈비즈니스센터 삼성본점,서울특별시 강남구 봉은사로 429,37.51143148,127.0468077,6097,20000,6,0:00,23:59,0:00,23:59,0:00,23:59,0:00,23:59,0:00,23:59,0:00,23:59,0:00,23:59,Y,N,Y,N,N,Y,Y,Y,Y,Y,Y,Y,N,Y,N,Y,N,Y,Y,Y,N
헤드오피스비즈니스센터 송파,서울특별시 송파구 오금로15길 5-12,37.51260723,127.1086541,5548,10000,4,0:00,23:59,0:00,23:59,0:00,23:59,0:00,23:59,0:00,23:59,0:00,23:59,0:00,23:59,Y,Y,Y,N,Y,Y,Y,Y,Y,Y,Y,N,N,Y,N,Y,Y,Y,Y,Y,N
강남 아우렌 오피스,서울특별시 강남구 강남대로136길 11,37.51311113,127.0216062,6043,20000,3,0:00,23:59,0:00,23:59,0:00,23:59,0:00,23:59,0:00,23:59,0:00,23:59,0:00,23:59,Y,Y,Y,Y,Y,Y,Y,Y,Y,Y,N,N,N,Y,Y,Y,N,Y,Y,Y,N
비즈앤코 비즈니스 센터,서울특별시 송파구 오금로13길 9,37.51343539,127.1086987,5548,10000,4,0:00,23:59,0:00,23:59,0:00,23:59,0:00,23:59,0:00,23:59,0:00,23:59,0:00,23:59,Y,N,Y,N,Y,Y,Y,Y,Y,Y,N,Y,N,Y,N,Y,N,N,N,Y,N
슈가맨워크 학동역점,서울특별시 강남구 학동로 161,37.51352102,127.028338,6045,10000,4,0:00,23:59,0:00,23:59,0:00,23:59,0:00,23:59,0:00,23:59,0:00,23:59,0:00,23:59,Y,N,Y,N,N,Y,N,Y,N,Y,N,Y,N,Y,N,N,N,N,N,Y,N
강남공유사무실 114소호,서울특별시 강남구 논현로131길 23,37.5139129,127.0285565,6046,20000,3,0:00,23:59,0:00,23:59,0:00,23:59,0:00,23:59,0:00,23:59,0:00,23:59,0:00,23:59,N,N,N,N,N,Y,N,N,N,N,N,Y,N,N,N,N,N,N,N,Y,N
삼성글로벌비즈니스센터,서울특별시 강남구 영동대로 602,37.51468433,127.0605801,6083,20000,3,9:00,22:00,9:00,22:00,9:00,22:00,9:00,22:00,9:00,22:00,0:00,0:00,0:00,0:00,Y,Y,Y,N,Y,Y,Y,Y,Y,Y,Y,N,N,Y,N,N,N,N,Y,Y,N
에이스원비즈 - 독립사무실,서울특별시 영등포구 경인로 775,37.51474642,126.8975368,7299,20000,5,0:00,23:59,0:00,23:59,0:00,23:59,0:00,23:59,0:00,23:59,0:00,23:59,0:00,23:59,Y,Y,Y,Y,Y,Y,Y,Y,Y,Y,Y,N,N,Y,Y,N,N,Y,Y,Y,N
아크로피스송파센타,서울특별시 송파구 올림픽로30길 10,37.51484246,127.1079367,5542,20000,2,0:00,23:59,0:00,23:59,0:00,23:59,0:00,23:59,0:00,23:59,0:00,0:00,0:00,0:00,Y,N,Y,N,Y,Y,Y,Y,N,Y,N,Y,N,Y,N,Y,N,N,Y,Y,N
어반비지니스 (1day),서울특별시 송파구 올림픽로32길 11,37.515095,127.1092252,5543,10000,2,0:00,23:59,0:00,23:59,0:00,23:59,0:00,23:59,0:00,23:59,0:00,23:59,0:00,23:59,Y,N,Y,N,N,Y,Y,Y,Y,Y,N,Y,N,Y,N,Y,N,Y,Y,Y,N
문래정,서울특별시 영등포구 도림로 440-15,37.51510022,126.8945412,7299,30000,10,0:00,23:59,0:00,23:59,0:00,23:59,0:00,23:59,0:00,23:59,0:00,23:59,0:00,23:59,Y,N,N,N,Y,Y,N,Y,Y,Y,N,Y,N,N,N,N,N,N,N,Y,N
어반라이프오피스 잠실점,서울특별시 송파구 백제고분로 509,37.51581817,127.1151744,5545,20000,2,9:00,22:00,9:00,22:00,9:00,22:00,9:00,22:00,9:00,22:00,9:00,22:00,9:00,22:00,Y,Y,Y,N,Y,Y,Y,Y,Y,Y,Y,N,N,Y,N,Y,N,Y,Y,Y,N
PLAN.D 910,서울특별시 송파구 위례성대로 6,37.51684186,127.1131514,5544,10000,1,9:00,18:00,9:00,18:00,9:00,18:00,9:00,18:00,9:00,18:00,0:00,0:00,0:00,0:00,Y,Y,Y,N,Y,Y,Y,N,N,Y,N,N,N,N,N,Y,N,Y,N,Y,N
문래 메가비즈  소호사무실,서울특별시 영등포구 문래로20길 60,37.51727016,126.8894665,7295,20000,2,0:00,23:59,0:00,23:59,0:00,23:59,0:00,23:59,0:00,23:59,0:00,23:59,0:00,23:59,Y,Y,Y,N,Y,Y,Y,Y,Y,Y,Y,N,N,Y,N,Y,N,N,Y,Y,N
강남 비상주사무실가격 114소호,서울특별시 강남구 선릉로131길 8,37.51797526,127.040276,6059,20000,3,0:00,23:59,0:00,23:59,0:00,23:59,0:00,23:59,0:00,23:59,0:00,23:59,0:00,23:59,Y,N,Y,N,Y,Y,Y,Y,Y,Y,Y,Y,N,Y,N,Y,N,N,N,Y,N
비즈센트럴 비즈니스센터 ,서울특별시 영등포구 영신로38길 18,37.52069454,126.9031514,7251,10000,4,0:00,23:59,0:00,23:59,0:00,23:59,0:00,23:59,0:00,23:59,0:00,23:59,0:00,23:59,Y,Y,Y,N,N,Y,Y,Y,Y,N,N,Y,N,Y,N,N,N,Y,Y,Y,N
슈가맨워크 부천테크노파크,경기도 부천시 석천로 397,37.52288995,126.7655166,14449,7000,4,0:00,23:59,0:00,23:59,0:00,23:59,0:00,23:59,0:00,23:59,0:00,23:59,0:00,23:59,Y,N,Y,N,Y,Y,Y,Y,Y,Y,Y,Y,N,Y,N,N,N,N,N,Y,N
[캔버스랩가로수길]  오피스,서울특별시 강남구 가로수길 77,37.52302402,127.0223048,6028,10000,8,0:00,23:59,0:00,23:59,0:00,23:59,0:00,23:59,0:00,23:59,0:00,23:59,0:00,23:59,Y,Y,Y,N,Y,Y,Y,Y,Y,Y,Y,N,N,Y,Y,Y,N,Y,Y,Y,N
톱스튜디오,서울특별시 강남구 논현로164길 14,37.52344646,127.0294625,6025,30000,10,0:00,23:59,0:00,23:59,0:00,23:59,0:00,23:59,0:00,23:59,0:00,23:59,0:00,23:59,Y,N,N,N,N,Y,N,N,Y,Y,Y,Y,N,N,N,N,N,Y,N,Y,N
카페24 목동점,서울특별시 양천구 목동로 173,37.52399858,126.8646316,8023,20000,2,0:00,23:59,0:00,23:59,0:00,23:59,0:00,23:59,0:00,23:59,0:00,23:59,0:00,23:59,Y,N,Y,Y,Y,Y,Y,Y,Y,Y,N,Y,N,Y,N,N,N,N,N,Y,N
창작 작업실 MILABO,서울특별시 양천구 오목로52길 19,37.52457999,126.8675676,8003,20000,4,8:00,22:00,8:00,22:00,8:00,22:00,8:00,22:00,8:00,22:00,8:00,22:00,8:00,22:00,Y,Y,Y,N,N,Y,N,Y,Y,Y,N,Y,N,N,N,Y,Y,N,N,Y,N
공유오피스 moo 목동역점 양천구,서울특별시 양천구 목동로19길 11,37.52485587,126.8632138,8022,20000,3,0:00,0:00,0:00,0:00,0:00,0:00,0:00,0:00,0:00,0:00,0:00,0:00,0:00,0:00,Y,Y,Y,N,Y,Y,Y,Y,Y,Y,N,N,N,Y,N,N,N,N,N,Y,N
압구정 로데오 지구어 공유 오피스,서울특별시 강남구 도산대로55길 26,37.52522789,127.0407905,6014,30000,5,0:00,23:59,0:00,23:59,0:00,23:59,0:00,23:59,0:00,23:59,0:00,23:59,0:00,23:59,Y,Y,Y,N,N,Y,Y,Y,Y,Y,Y,N,N,Y,Y,Y,N,N,N,Y,N
영등포소호사무실114소호사무실,서울특별시 영등포구 양산로 53,37.52563167,126.8889225,7271,10000,3,0:00,23:59,0:00,23:59,0:00,23:59,0:00,23:59,0:00,23:59,0:00,23:59,0:00,23:59,Y,N,Y,N,Y,Y,N,Y,Y,Y,Y,Y,N,Y,N,N,N,N,N,Y,N
공유오피스 원일공유,서울특별시 영등포구 당산로29길 3,37.52585767,126.8947633,7261,10000,1,0:00,23:59,0:00,23:59,0:00,23:59,0:00,23:59,0:00,23:59,0:00,23:59,0:00,23:59,Y,N,Y,N,Y,Y,N,Y,Y,Y,N,N,N,N,Y,N,N,N,N,Y,N
[오픈프로모]예블랑 워크스페이스,서울특별시 강남구 도산대로89길 19-14,37.52605657,127.0505158,6012,10000,1,0:00,23:59,0:00,23:59,0:00,23:59,0:00,23:59,0:00,23:59,0:00,23:59,0:00,23:59,Y,N,Y,N,Y,Y,Y,Y,Y,Y,N,N,N,Y,Y,Y,Y,Y,Y,Y,N
영등포비상주 (주)한얼에이앤에이치,서울특별시 영등포구 국회대로28길 17,37.52711693,126.8942787,7256,20000,3,0:00,23:59,0:00,23:59,0:00,23:59,0:00,23:59,0:00,23:59,0:00,23:59,0:00,23:59,Y,N,Y,Y,Y,Y,Y,Y,Y,Y,Y,N,N,Y,Y,Y,N,Y,Y,Y,N
하우투비즈센터(여의도),서울특별시 영등포구 국회대로72길 4,37.53033358,126.9199164,7238,20000,2,0:00,23:59,0:00,23:59,0:00,23:59,0:00,23:59,0:00,23:59,0:00,23:59,0:00,23:59,Y,Y,Y,N,N,Y,Y,Y,Y,Y,Y,Y,N,Y,N,Y,Y,Y,Y,Y,N
한비서 공유오피스,서울특별시 용산구 대사관로34길 27,37.53190075,127.0059548,4410,20000,4,0:00,23:59,0:00,23:59,0:00,23:59,0:00,23:59,0:00,23:59,0:00,23:59,0:00,23:59,Y,N,Y,N,Y,Y,Y,Y,Y,Y,N,N,N,Y,N,Y,N,N,N,Y,N
영등포 당산역 디오빌오피스비상주,서울특별시 영등포구 당산로 222,37.53323494,126.9022683,7214,20000,3,0:00,23:59,0:00,23:59,0:00,23:59,0:00,23:59,0:00,23:59,0:00,23:59,0:00,23:59,Y,N,Y,N,Y,Y,Y,Y,Y,Y,Y,Y,N,Y,N,Y,N,N,N,Y,N
소호사무실 디오빌오피스,서울특별시 영등포구 당산로 222,37.53324478,126.9022911,7214,20000,3,0:00,23:59,0:00,23:59,0:00,23:59,0:00,23:59,0:00,23:59,0:00,23:59,0:00,23:59,Y,N,Y,N,Y,Y,Y,Y,Y,Y,Y,Y,N,Y,N,Y,N,N,N,Y,N
독립사무실 가온비즈니스센터,서울특별시 영등포구 양평로 24,37.53325958,126.9037411,7223,10000,3,0:00,23:59,0:00,23:59,0:00,23:59,0:00,23:59,0:00,23:59,0:00,23:59,0:00,23:59,Y,Y,Y,Y,Y,Y,Y,Y,Y,Y,N,N,N,Y,N,Y,N,N,Y,Y,N
유니언워크 당산,서울특별시 영등포구 당산로 241,37.53521187,126.9025375,7222,20000,3,0:00,23:59,0:00,23:59,0:00,23:59,0:00,23:59,0:00,23:59,0:00,23:59,0:00,23:59,Y,Y,Y,Y,Y,Y,Y,Y,Y,Y,Y,N,N,Y,Y,Y,Y,Y,Y,Y,N
유니언워크 한남,서울특별시 용산구 이태원로 223-5,37.53557337,126.9983853,4349,10000,8,0:00,23:59,0:00,23:59,0:00,23:59,0:00,23:59,0:00,23:59,0:00,23:59,0:00,23:59,Y,Y,Y,Y,Y,Y,Y,Y,Y,Y,Y,N,N,Y,Y,Y,N,Y,Y,Y,N
강변역 플렉스 소호사무실,서울특별시 광진구 광나루로56길 85,37.53572518,127.0956922,5116,20000,2,10:00,20:00,10:00,20:00,10:00,20:00,10:00,20:00,10:00,20:00,10:00,20:00,10:00,20:00,N,Y,Y,Y,N,Y,N,N,N,N,Y,N,N,N,Y,N,N,N,N,Y,N
스페이스플로우,서울특별시 강동구 천호옛길 88,37.53648376,127.1258247,5379,10000,1,0:00,23:59,0:00,23:59,0:00,23:59,0:00,23:59,0:00,23:59,0:00,23:59,0:00,23:59,Y,Y,Y,N,Y,Y,N,Y,Y,Y,Y,N,N,Y,N,Y,N,Y,N,Y,N
OPUS PLATZ,서울특별시 마포구 삼개로 35,37.53706752,126.9476194,4179,30000,6,9:00,23:59,9:00,23:59,9:00,23:59,9:00,23:59,9:00,23:59,9:00,23:59,9:00,23:59,Y,N,Y,N,Y,Y,N,N,Y,Y,Y,N,N,Y,N,Y,N,N,Y,Y,N
공유오피스 다온 마포점,서울특별시 마포구 마포대로4나길 46,37.53734097,126.9450295,4176,10000,7,0:00,23:59,0:00,23:59,0:00,23:59,0:00,23:59,0:00,23:59,0:00,23:59,0:00,23:59,Y,N,Y,Y,Y,Y,Y,Y,Y,Y,Y,N,N,Y,N,Y,N,Y,Y,Y,N
카페24창업센터 강동점,서울특별시 강동구 양재대로113길 51,37.53832179,127.1370808,5354,20000,4,0:00,23:59,0:00,23:59,0:00,23:59,0:00,23:59,0:00,23:59,0:00,23:59,0:00,23:59,Y,Y,Y,Y,N,Y,Y,Y,Y,Y,Y,Y,N,Y,N,Y,N,Y,Y,Y,N
비전포트 공유오피스,서울특별시 용산구 원효로90길 11,37.5403958,126.9697185,4315,30000,80,0:00,23:59,0:00,23:59,0:00,23:59,0:00,23:59,0:00,23:59,0:00,23:59,0:00,23:59,Y,Y,Y,N,Y,Y,Y,Y,Y,Y,Y,N,N,Y,N,N,Y,Y,Y,Y,N
워크앤리브 ,서울특별시 용산구 회나무로13가길 22,37.54079297,126.9907835,4344,20000,6,8:00,23:00,8:00,23:00,8:00,23:00,8:00,23:00,8:00,23:00,8:00,23:00,8:00,23:00,Y,N,N,N,Y,Y,N,N,Y,Y,N,N,N,Y,Y,Y,N,N,N,Y,N
어반라이프오피스 강동점,서울특별시 강동구 천중로 213,37.54100208,127.1439778,5303,20000,2,9:00,22:00,9:00,22:00,9:00,22:00,9:00,22:00,9:00,22:00,9:00,22:00,9:00,22:00,Y,N,Y,Y,Y,Y,Y,Y,Y,Y,Y,Y,N,Y,N,Y,N,Y,Y,Y,N
로컬하이브 성수비상주사무실,서울특별시 성동구 뚝섬로3길 11-5,37.54117923,127.0492511,4780,10000,1,0:00,23:59,0:00,23:59,0:00,23:59,0:00,23:59,0:00,23:59,0:00,23:59,0:00,23:59,Y,N,Y,N,Y,Y,Y,Y,Y,Y,N,N,N,Y,Y,N,N,N,N,Y,N
헤드오피스비즈니스센터 성수,서울특별시 성동구 연무장13길 9,37.54258368,127.0582193,4783,10000,7,0:00,23:59,0:00,23:59,0:00,23:59,0:00,23:59,0:00,23:59,0:00,23:59,0:00,23:59,Y,Y,Y,N,N,Y,Y,Y,Y,Y,Y,Y,N,Y,N,Y,Y,Y,Y,Y,N
MTL2305,서울특별시 마포구 만리재로 14,37.54399372,126.9528352,4195,10000,1,0:00,23:59,0:00,23:59,0:00,23:59,0:00,23:59,0:00,23:59,0:00,23:59,0:00,23:59,Y,N,Y,N,Y,Y,Y,Y,Y,Y,Y,N,N,Y,N,Y,N,N,N,Y,Y
카페24창업센터염창점,서울특별시 양천구 목동중앙본로 95,37.54420286,126.8703955,7953,10000,5,0:00,23:59,0:00,23:59,0:00,23:59,0:00,23:59,0:00,23:59,0:00,23:59,0:00,23:59,Y,N,Y,Y,Y,Y,Y,Y,Y,Y,Y,Y,N,Y,N,N,N,N,Y,Y,N
건국공간 공유오피스 독립실,서울특별시 광진구 아차산로21길 64,37.54467931,127.0664321,5014,20000,7,0:00,23:59,0:00,23:59,0:00,23:59,0:00,23:59,0:00,23:59,0:00,23:59,0:00,23:59,Y,N,Y,N,Y,Y,Y,Y,Y,Y,N,N,N,Y,N,Y,Y,N,N,Y,N
[성수]교원 창업공간  창가,서울특별시 성동구 아차산로13길 30,37.54548392,127.0619216,4799,10000,1,0:00,23:59,0:00,23:59,0:00,23:59,0:00,23:59,0:00,23:59,0:00,23:59,0:00,23:59,Y,N,Y,Y,Y,Y,Y,Y,Y,Y,Y,N,N,Y,Y,Y,Y,N,Y,Y,N
런치스페이스 마포공덕 독립오피스,서울특별시 마포구 마포대로10길 12,37.54704769,126.9542919,4211,10000,1,0:00,23:59,0:00,23:59,0:00,23:59,0:00,23:59,0:00,23:59,0:00,0:00,0:00,0:00,Y,Y,Y,N,Y,Y,Y,Y,Y,Y,N,N,N,Y,N,Y,N,N,Y,Y,N
카페24창업센터 성수점,서울특별시 성동구 아차산로7길 21,37.54720213,127.0547971,4793,10000,6,0:00,23:59,0:00,23:59,0:00,23:59,0:00,23:59,0:00,23:59,0:00,23:59,0:00,23:59,Y,N,Y,Y,Y,Y,Y,Y,Y,Y,Y,N,N,Y,N,N,N,Y,Y,Y,N
합정동 부엉이곳간 독립오피스,서울특별시 마포구 성지길 25-11,37.54738438,126.9140274,4071,20000,2,0:00,23:59,0:00,23:59,0:00,23:59,0:00,23:59,0:00,23:59,0:00,23:59,0:00,23:59,Y,N,Y,N,Y,Y,Y,Y,Y,Y,N,N,N,Y,N,Y,Y,Y,Y,Y,N
드림하이비즈센터,서울특별시 마포구 독막로6길 9,37.54757554,126.9176507,4072,10000,1,0:00,23:59,0:00,23:59,0:00,23:59,0:00,23:59,0:00,23:59,0:00,23:59,0:00,23:59,Y,N,Y,N,N,Y,Y,Y,Y,Y,N,Y,N,Y,N,N,N,N,N,Y,N
상수역1분거리 독립 오피스,서울특별시 마포구 독막로15길 3-12,37.54847801,126.9215265,4049,20000,4,0:00,0:00,0:00,0:00,8:00,22:00,8:00,22:00,0:00,0:00,0:00,0:00,0:00,0:00,Y,N,N,N,Y,Y,N,N,N,Y,N,Y,N,N,Y,N,N,N,Y,Y,N
슈가맨워크 하남풍산점,경기도 하남시 덕풍동로 111-21,37.55180972,127.2076956,12927,7000,4,0:00,23:59,0:00,23:59,0:00,23:59,0:00,23:59,0:00,23:59,0:00,23:59,0:00,23:59,Y,N,Y,Y,Y,Y,N,Y,Y,Y,N,N,N,Y,N,N,N,N,N,Y,N
[하남 미사] PLACE93,경기도 하남시 미사강변서로 25,37.55265997,127.1828084,12918,16000,3,0:00,23:59,0:00,23:59,0:00,23:59,0:00,23:59,0:00,23:59,0:00,23:59,0:00,23:59,Y,Y,Y,N,Y,Y,Y,Y,Y,Y,Y,N,N,Y,Y,Y,N,Y,Y,Y,Y
카페24창업센터암사점,서울특별시 강동구 올림픽로 814,37.55352393,127.1290507,5251,20000,3,9:00,19:00,9:00,19:30,9:00,19:00,9:00,19:00,9:00,19:00,0:00,0:00,0:00,0:00,Y,N,Y,Y,Y,Y,Y,Y,Y,Y,Y,Y,N,Y,N,N,N,N,Y,Y,N
앵커스테이션 비즈니스센터,서울특별시 마포구 월드컵로8길 45-8,37.55383533,126.9148827,4029,20000,2,0:00,23:59,0:00,23:59,0:00,23:59,0:00,23:59,0:00,23:59,0:00,23:59,0:00,23:59,Y,N,Y,Y,Y,Y,Y,Y,Y,Y,N,N,N,Y,N,Y,N,N,N,Y,N
공유오피스 ILTER 일터,서울특별시 마포구 백범로 8,37.55400394,126.9367317,4100,10000,5,0:00,23:59,0:00,23:59,0:00,23:59,0:00,23:59,0:00,23:59,0:00,23:59,0:00,23:59,Y,Y,Y,N,Y,Y,Y,Y,Y,Y,Y,Y,N,Y,N,Y,Y,Y,Y,Y,N
[프리스타일]홍대 합정 독립오피스,서울특별시 마포구 월드컵북로1길 26,37.55478892,126.9198554,4031,30000,8,0:00,23:59,0:00,23:59,0:00,23:59,0:00,23:59,0:00,23:59,0:00,23:59,0:00,23:59,Y,N,Y,Y,Y,Y,Y,Y,Y,Y,Y,Y,N,Y,N,N,N,Y,Y,Y,N
소호사무실 한피스 군자점,서울특별시 광진구 군자로 156,37.55492967,127.0764452,4998,10000,1,0:00,23:59,0:00,23:59,0:00,23:59,0:00,23:59,0:00,23:59,0:00,23:59,0:00,23:59,Y,N,N,N,Y,Y,N,Y,Y,Y,N,Y,N,Y,N,N,N,N,Y,Y,N
에이치엘오(HLO)(day),서울특별시 광진구 동일로56길 60,37.55518933,127.0750617,4999,10000,1,10:00,18:00,10:00,18:00,10:00,18:00,10:00,18:00,10:00,18:00,0:00,0:00,0:00,0:00,Y,Y,Y,N,N,Y,N,N,N,Y,Y,Y,N,Y,N,N,N,N,N,Y,N
StartupSpace창업공간비상,서울특별시 마포구 어울마당로 130,37.55581516,126.9245215,4053,10000,1,0:00,23:59,0:00,23:59,0:00,23:59,0:00,23:59,0:00,23:59,0:00,23:59,0:00,23:59,Y,N,Y,Y,Y,Y,Y,Y,Y,Y,Y,N,N,Y,N,N,N,N,Y,Y,N
[미사] 공유오피스 소호사무실,경기도 하남시 미사강변대로 70,37.55615552,127.1874375,12919,16000,4,0:00,23:59,0:00,23:59,0:00,23:59,0:00,23:59,0:00,23:59,0:00,23:59,0:00,23:59,Y,Y,Y,Y,Y,Y,N,Y,Y,Y,Y,N,N,Y,N,Y,Y,Y,Y,Y,N
[신규오픈] 채움 오피스,서울특별시 마포구 신촌로 150,37.55626353,126.9421217,4104,30000,6,0:00,23:59,0:00,23:59,0:00,23:59,0:00,23:59,0:00,23:59,0:00,23:59,0:00,23:59,Y,N,Y,N,Y,Y,N,Y,Y,Y,N,Y,N,Y,N,N,N,Y,Y,Y,N
워킹 앳 망원 [망원동 오피스],서울특별시 마포구 월드컵로19길 25-1,37.55627383,126.9080851,4012,10000,1,10:00,19:00,10:00,19:00,10:00,19:00,10:00,19:00,0:00,0:00,0:00,0:00,0:00,0:00,Y,N,N,N,Y,Y,N,N,N,Y,N,Y,N,N,Y,N,N,N,N,Y,Y
[GARAGE약수]  사무실,서울특별시 중구 동호로14길 19,37.55654726,127.0106962,4607,20000,5,0:00,23:59,0:00,23:59,0:00,23:59,0:00,23:59,0:00,23:59,0:00,23:59,0:00,23:59,Y,N,Y,Y,Y,Y,Y,Y,Y,Y,Y,N,N,Y,Y,Y,Y,Y,N,Y,N
하남미사 공유오피스 크리워커스,경기도 하남시 미사대로 550,37.55676934,127.2064677,12925,16000,2,0:00,23:59,0:00,23:59,0:00,23:59,0:00,23:59,0:00,23:59,0:00,23:59,0:00,23:59,Y,N,Y,Y,Y,Y,N,Y,Y,Y,Y,Y,N,Y,N,Y,N,Y,Y,Y,N
세컨라운드 신촌 독립오피스 B룸,서울특별시 서대문구 신촌로 51,37.55699161,126.9322746,3786,20000,4,0:00,23:59,0:00,23:59,0:00,23:59,0:00,23:59,0:00,23:59,0:00,23:59,0:00,23:59,Y,N,Y,N,N,Y,N,Y,Y,Y,N,N,N,Y,N,N,N,Y,N,Y,N
이대역 앞 오피스,서울특별시 서대문구 이화여대길 7,37.55723449,126.945642,3766,30000,6,0:00,23:59,0:00,23:59,0:00,23:59,0:00,23:59,0:00,23:59,0:00,23:59,0:00,23:59,Y,N,Y,N,Y,Y,N,Y,Y,Y,N,N,N,Y,N,Y,N,Y,Y,Y,N
슈가맨워크 군자역점,서울특별시 광진구 천호대로 536,37.55753658,127.0776013,4996,10000,6,0:00,23:59,0:00,23:59,0:00,23:59,0:00,23:59,0:00,23:59,0:00,23:59,0:00,23:59,Y,N,Y,Y,Y,Y,Y,Y,Y,Y,N,N,N,Y,N,N,N,N,Y,Y,N
홍대역 룩스비즈 독립오피스텔,서울특별시 마포구 양화로 175,37.55773907,126.9243966,3994,30000,8,0:00,23:59,0:00,23:59,0:00,23:59,0:00,23:59,0:00,23:59,0:00,23:59,0:00,23:59,Y,N,Y,N,Y,Y,N,Y,Y,Y,Y,Y,N,N,N,N,Y,Y,N,Y,Y
신촌 공유오피스 이화공간,서울특별시 서대문구 이화여대3길 33,37.55784155,126.9438411,3766,10000,2,0:00,23:59,0:00,23:59,0:00,23:59,0:00,23:59,0:00,23:59,0:00,23:59,0:00,23:59,Y,N,Y,N,Y,Y,Y,Y,Y,Y,N,Y,N,Y,N,Y,Y,N,N,Y,N
상상공간비즈센터,서울특별시 서대문구 신촌로 25,37.55799702,126.9296313,3785,10000,1,0:00,23:59,0:00,23:59,0:00,23:59,0:00,23:59,0:00,23:59,0:00,23:59,0:00,23:59,Y,N,Y,Y,Y,Y,Y,Y,Y,Y,Y,N,N,Y,N,N,N,N,Y,Y,N
마음시 공간대여,서울특별시 광진구 능동로37길 6,37.55819011,127.0795766,4919,20000,4,8:00,22:00,8:00,22:00,0:00,0:00,8:00,22:00,8:00,22:00,0:00,0:00,8:00,22:00,Y,N,N,N,N,Y,N,Y,N,Y,Y,Y,N,N,N,Y,N,N,N,Y,N
[엠플스페이스]명동소호사무실,서울특별시 중구 퇴계로18길 33,37.55932567,126.9851558,4631,20000,4,0:00,23:59,0:00,23:59,0:00,23:59,0:00,23:59,0:00,23:59,0:00,23:59,0:00,23:59,Y,Y,Y,N,Y,Y,Y,Y,Y,Y,Y,N,N,Y,Y,Y,Y,Y,Y,Y,N
시드플레이스,서울특별시 강서구 마곡중앙6로 66,37.55991526,126.8343608,7803,30000,6,0:00,23:59,0:00,23:59,0:00,23:59,0:00,23:59,0:00,23:59,0:00,23:59,0:00,23:59,Y,Y,Y,N,Y,Y,Y,Y,Y,Y,Y,N,N,Y,Y,Y,N,Y,Y,Y,Y
"두드림 독립오피스, 오픈데스크",서울특별시 강서구 강서로 385,37.56009264,126.8383041,7803,30000,10,9:00,18:00,9:00,18:00,9:00,18:00,9:00,18:00,9:00,18:00,0:00,0:00,0:00,0:00,Y,Y,Y,N,Y,Y,Y,Y,Y,Y,Y,N,N,Y,Y,Y,N,Y,Y,Y,N
마곡 H비즈니스센터,서울특별시 강서구 마곡중앙6로 40,37.56013299,126.8315319,7802,20000,5,0:00,23:59,0:00,23:59,0:00,23:59,0:00,23:59,0:00,23:59,0:00,23:59,0:00,23:59,Y,N,Y,N,Y,Y,Y,N,N,Y,Y,N,N,Y,N,Y,N,Y,Y,Y,N
마곡 H비즈니스센터,서울특별시 강서구 마곡중앙6로 40,37.56015095,126.8315523,7802,30000,6,0:00,23:59,0:00,23:59,0:00,23:59,0:00,23:59,0:00,23:59,0:00,23:59,0:00,23:59,Y,N,Y,N,Y,Y,Y,Y,Y,Y,Y,N,N,Y,N,Y,N,Y,Y,Y,N
코너스톤,서울특별시 강서구 마곡중앙로 76,37.56039559,126.8275085,7801,20000,4,0:00,23:59,0:00,23:59,0:00,23:59,0:00,23:59,0:00,23:59,0:00,23:59,0:00,23:59,Y,N,Y,Y,Y,Y,N,Y,N,Y,Y,Y,N,N,N,N,N,N,N,Y,N
비즈이즈센터 마곡점,서울특별시 강서구 마곡중앙6로 45,37.56062356,126.8324001,7802,10000,4,0:00,23:59,0:00,23:59,0:00,23:59,0:00,23:59,0:00,23:59,0:00,23:59,0:00,23:59,Y,Y,Y,Y,N,Y,Y,Y,Y,Y,Y,Y,N,Y,N,Y,N,Y,N,Y,N
공간채비 독립사무실 오피스,서울특별시 중구 서애로1길 11,37.56134257,126.9985981,4619,30000,6,9:00,18:00,9:00,18:00,9:00,18:00,9:00,18:00,9:00,18:00,0:00,0:00,0:00,0:00,Y,N,N,N,N,Y,N,N,N,Y,Y,Y,N,Y,Y,Y,N,N,N,Y,N
카이트스퀘어,서울특별시 중구 퇴계로27길 49,37.56340697,126.9910976,4555,10000,6,0:00,23:59,0:00,23:59,0:00,23:59,0:00,23:59,0:00,23:59,0:00,23:59,0:00,23:59,Y,N,Y,N,Y,Y,Y,Y,Y,Y,N,N,N,Y,Y,Y,Y,Y,Y,Y,N
스틸얼라이브,서울특별시 동대문구 천호대로83길 31,37.56374117,127.0649884,2636,30000,6,0:00,23:59,0:00,23:59,0:00,23:59,0:00,23:59,0:00,23:59,0:00,23:59,0:00,23:59,Y,N,Y,N,Y,Y,N,Y,N,Y,Y,N,N,Y,Y,N,Y,Y,Y,Y,N
셀렉티드 연남,서울특별시 마포구 성미산로31길 11-14,37.56494534,126.9251081,3980,10000,1,0:00,23:59,0:00,23:59,0:00,23:59,0:00,23:59,0:00,23:59,0:00,23:59,0:00,23:59,Y,Y,Y,N,Y,Y,N,Y,Y,Y,Y,N,N,Y,Y,N,Y,N,N,Y,N
카페24신당)독립사무실(프리미엄),서울특별시 중구 퇴계로 450,37.56530032,127.0215277,4578,20000,3,0:00,23:59,0:00,23:59,0:00,23:59,0:00,23:59,0:00,23:59,0:00,23:59,0:00,23:59,Y,N,Y,Y,N,Y,Y,Y,Y,Y,Y,N,N,Y,N,N,N,N,Y,Y,N
디자인픽스 오피스쉐어,서울특별시 성동구 마장로 296,37.56570224,127.0427574,4758,20000,2,0:00,23:59,0:00,23:59,0:00,23:59,0:00,23:59,0:00,23:59,0:00,23:59,0:00,23:59,Y,N,Y,N,Y,Y,Y,Y,Y,Y,N,N,N,Y,N,Y,N,Y,N,Y,N
아크로피스성동센터,서울특별시 성동구 마장로35나길 39,37.56740359,127.0434966,4756,10000,1,0:00,23:59,0:00,23:59,0:00,23:59,0:00,23:59,0:00,23:59,0:00,23:59,0:00,23:59,Y,N,Y,N,Y,Y,N,Y,Y,N,Y,Y,N,Y,N,N,N,N,Y,Y,N
공간구독서비스[모아] 을지로,서울특별시 중구 남대문로 117,37.56778374,126.9823058,4522,20000,3,9:00,18:00,9:00,18:00,9:00,18:00,9:00,18:00,9:00,18:00,0:00,0:00,0:00,0:00,N,N,Y,N,Y,Y,Y,N,N,N,Y,N,N,Y,N,N,N,Y,Y,Y,N
무신사 스튜디오 프라이빗 오피스,서울특별시 중구 장충단로13길 20,37.56864346,127.0077323,4563,20000,4,0:00,23:59,0:00,23:59,0:00,23:59,0:00,23:59,0:00,23:59,0:00,23:59,0:00,23:59,Y,Y,Y,Y,Y,Y,Y,Y,Y,Y,Y,N,N,Y,N,Y,Y,Y,N,Y,N
카페24창업센터 동대문점,서울특별시 중구 장충단로13길 20,37.56873455,127.0076665,4563,10000,4,0:00,23:59,0:00,23:59,0:00,23:59,0:00,23:59,0:00,23:59,0:00,23:59,0:00,23:59,Y,Y,Y,Y,Y,Y,Y,Y,Y,Y,Y,N,N,Y,N,Y,N,N,N,Y,N
스페이스N(앤),서울특별시 종로구 종로14길 20,37.56910347,126.9867618,3190,10000,1,8:00,22:00,8:00,22:00,8:00,22:00,8:00,22:00,8:00,22:00,8:00,22:00,0:00,0:00,Y,Y,Y,N,Y,Y,Y,N,N,Y,N,N,N,Y,Y,Y,Y,Y,Y,Y,N
HJBC 광화문점 ,서울특별시 종로구 세종대로 149,37.56957113,126.9761402,3186,30000,10,9:00,18:00,9:00,18:00,9:00,18:00,9:00,18:00,9:00,18:00,0:00,0:00,0:00,0:00,Y,Y,Y,Y,Y,Y,Y,Y,Y,Y,Y,N,N,Y,Y,Y,Y,Y,Y,Y,N
밴타고 서비스드 오피스 ,서울특별시 종로구 종로5길 7,37.5706161,126.9805599,3157,30000,7,9:00,18:00,9:00,18:00,9:00,18:00,9:00,18:00,9:00,18:00,0:00,0:00,0:00,0:00,Y,N,Y,Y,Y,Y,Y,Y,Y,Y,Y,N,N,Y,N,N,N,Y,Y,Y,Y
더제이오피스,서울특별시 종로구 지봉로4길 21,37.57129502,127.0170011,3114,10000,2,0:00,23:59,0:00,23:59,0:00,23:59,0:00,23:59,0:00,23:59,0:00,23:59,0:00,23:59,Y,N,Y,Y,N,Y,Y,Y,Y,Y,N,Y,N,Y,N,N,N,N,N,Y,N
[연희회관] 공유오피스,서울특별시 서대문구 연희로 160,37.57143824,126.9349463,3723,30000,6,0:00,23:59,0:00,23:59,0:00,23:59,0:00,23:59,0:00,23:59,0:00,23:59,0:00,23:59,Y,Y,N,N,Y,Y,N,Y,Y,Y,N,N,N,Y,N,N,Y,Y,Y,Y,N
위오피스  공유 좌석,서울특별시 종로구 지봉로 19,37.57175828,127.0152079,3121,10000,4,0:00,23:59,0:00,23:59,0:00,23:59,0:00,23:59,0:00,23:59,0:00,23:59,0:00,23:59,Y,Y,Y,Y,Y,Y,Y,Y,Y,Y,Y,Y,N,Y,N,N,N,N,N,Y,N
종로 아티스트 케이브 ,서울특별시 종로구 종로35길 12,37.57179847,127.0041294,3126,30000,8,0:00,23:59,0:00,23:59,0:00,23:59,0:00,23:59,0:00,23:59,0:00,23:59,0:00,23:59,Y,N,Y,N,Y,Y,Y,Y,Y,Y,Y,N,N,Y,N,Y,N,Y,N,Y,N
슈퍼에그 독립사무실,서울특별시 종로구 삼봉로 57,37.57256152,126.9804738,3151,30000,6,0:00,23:59,0:00,23:59,0:00,23:59,0:00,23:59,0:00,23:59,0:00,23:59,0:00,23:59,Y,N,Y,Y,N,Y,Y,Y,Y,Y,Y,Y,N,Y,N,N,Y,Y,Y,Y,N
개인쇼핑몰 운영용 동대문사무실,서울특별시 동대문구 고산자로 377,37.57336891,127.0376881,2590,20000,2,0:00,23:59,0:00,23:59,0:00,23:59,0:00,23:59,0:00,23:59,0:00,23:59,0:00,23:59,Y,N,Y,Y,Y,Y,Y,Y,Y,Y,N,Y,N,Y,N,Y,N,N,N,Y,N
공존 독립오피스,서울특별시 종로구 지봉로 56-1,37.57508241,127.0158952,3113,30000,6,0:00,23:59,0:00,23:59,0:00,23:59,0:00,23:59,0:00,23:59,0:00,23:59,0:00,23:59,Y,N,N,N,N,Y,N,Y,Y,Y,N,Y,N,N,N,N,N,N,N,Y,N
피터비즈 연희점 단독,서울특별시 서대문구 홍연길 77,37.57680435,126.9306105,3695,20000,5,9:00,23:59,9:00,23:59,9:00,23:59,9:00,23:59,9:00,23:59,9:00,23:59,9:00,23:59,Y,N,Y,N,Y,Y,Y,Y,Y,Y,Y,N,N,Y,N,Y,N,Y,Y,Y,Y
카페24 창신점,서울특별시 종로구 지봉로 81,37.57737898,127.0150298,3095,10000,3,0:00,23:59,0:00,23:59,0:00,23:59,0:00,23:59,0:00,23:59,0:00,23:59,0:00,23:59,Y,N,Y,Y,Y,Y,Y,Y,Y,Y,Y,Y,N,Y,N,N,N,N,N,Y,N
드림큐브 원데이오피스,서울특별시 마포구 월드컵북로 402,37.58010775,126.8889823,3925,10000,1,9:00,23:59,9:00,23:59,9:00,23:59,9:00,23:59,9:00,23:59,0:00,0:00,0:00,0:00,Y,Y,Y,Y,Y,Y,N,N,N,Y,Y,N,N,Y,N,Y,N,N,N,Y,N
그림 비즈 ,서울특별시 마포구 월드컵북로 400,37.58045107,126.8898935,3925,20000,2,0:00,23:59,0:00,23:59,0:00,23:59,0:00,23:59,0:00,23:59,0:00,23:59,0:00,23:59,Y,Y,Y,Y,Y,Y,Y,Y,Y,Y,Y,N,N,Y,N,Y,N,Y,Y,Y,N
오피스248 원데이오피스 (1일_코워킹),서울특별시 동대문구 왕산로 248,37.58298622,127.0493836,2554,20000,8,9:00,18:00,9:00,18:00,9:00,18:00,9:00,18:00,9:00,18:00,9:00,18:00,9:00,18:00,Y,N,Y,N,Y,Y,Y,N,Y,Y,Y,Y,N,Y,Y,N,N,Y,N,Y,N
크리에이터스 오피스,서울특별시 동대문구 안암로 86-1,37.58351147,127.0305819,2477,30000,16,0:00,23:59,0:00,23:59,0:00,23:59,0:00,23:59,0:00,23:59,0:00,23:59,0:00,23:59,Y,Y,Y,N,Y,Y,Y,Y,Y,Y,Y,N,N,Y,Y,Y,N,Y,Y,Y,N
삼청동 쉐어오피스,서울특별시 종로구 북촌로 125-6,37.58697873,126.9831682,3053,30000,7,9:00,18:00,9:00,18:00,9:00,18:00,9:00,18:00,9:00,18:00,0:00,0:00,0:00,0:00,Y,N,Y,N,Y,Y,Y,Y,N,Y,N,Y,N,Y,N,Y,Y,Y,Y,Y,N
"비욘드스페이스 5층, 단독공간",서울특별시 중랑구 봉우재로 232,37.59510146,127.0986127,2173,20000,3,0:00,23:59,0:00,23:59,0:00,23:59,0:00,23:59,0:00,23:59,0:00,23:59,0:00,23:59,Y,N,Y,N,Y,Y,N,Y,Y,Y,Y,N,N,Y,N,Y,N,N,N,Y,N
[GARAGE 구리]  사무실,경기도 구리시 검배로 7,37.6004001,127.1419304,11929,7000,5,0:00,23:59,0:00,23:59,0:00,23:59,0:00,23:59,0:00,23:59,0:00,23:59,0:00,23:59,Y,N,Y,Y,Y,Y,Y,Y,Y,Y,Y,N,N,Y,N,Y,N,Y,Y,Y,N
로하스비즈니스센터,서울특별시 은평구 서오릉로2길 10,37.60220035,126.9276026,3384,30000,5,0:00,23:59,0:00,23:59,0:00,23:59,0:00,23:59,0:00,23:59,0:00,23:59,0:00,23:59,Y,N,N,N,Y,Y,N,Y,Y,N,N,Y,N,Y,N,N,N,N,N,Y,N
절간 같이 조용한 - 더리뷰,서울특별시 종로구 평창문화로 75,37.60686264,126.9690062,3009,20000,2,8:00,19:00,8:00,19:00,8:00,19:00,8:00,19:00,8:00,19:00,0:00,0:00,0:00,0:00,Y,N,Y,N,Y,Y,N,N,N,Y,N,N,N,Y,N,N,N,N,N,Y,N
오피스프렌즈 성북구소호사무실,서울특별시 성북구 화랑로33길 39,37.61187045,127.054542,2771,10000,2,0:00,23:59,0:00,23:59,0:00,23:59,0:00,23:59,0:00,23:59,0:00,23:59,0:00,23:59,Y,N,Y,N,N,Y,Y,Y,Y,Y,N,Y,N,Y,N,N,N,N,N,Y,N
당신에게열림 김포 사우 사무실,경기도 김포시 김포대로 831,37.61899814,126.7210587,10110,7000,4,0:00,23:59,0:00,23:59,0:00,23:59,0:00,23:59,0:00,23:59,0:00,23:59,0:00,23:59,Y,N,Y,N,N,Y,Y,Y,Y,Y,Y,Y,N,Y,N,Y,N,N,Y,Y,N
김포 사업자등록주소 114소호 A,경기도 김포시 김포대로 847,37.61969658,126.7196475,10110,16000,3,0:00,23:59,0:00,23:59,0:00,23:59,0:00,23:59,0:00,23:59,0:00,23:59,0:00,23:59,Y,N,Y,N,Y,Y,Y,Y,Y,Y,Y,Y,N,Y,N,Y,N,N,N,Y,N
노블스타 김포시청점 ,경기도 김포시 돌문로 50-20,37.62011728,126.7182245,10108,7000,2,0:00,23:59,0:00,23:59,0:00,23:59,0:00,23:59,0:00,23:59,0:00,23:59,0:00,23:59,Y,Y,Y,N,Y,Y,Y,Y,Y,Y,N,N,N,N,N,Y,N,N,N,Y,N
스타비즈니스센터,경기도 김포시 사우중로74번길 7,37.62121396,126.7211428,10111,7000,4,0:00,23:59,0:00,23:59,0:00,23:59,0:00,23:59,0:00,23:59,0:00,23:59,0:00,23:59,Y,N,Y,Y,Y,Y,Y,Y,Y,Y,N,Y,N,Y,N,N,N,N,N,Y,N
한피스 미아점,서울특별시 강북구 도봉로 144,37.62168725,127.0284173,1161,20000,4,0:00,23:59,0:00,23:59,0:00,23:59,0:00,23:59,0:00,23:59,0:00,23:59,0:00,23:59,Y,N,Y,N,Y,Y,Y,Y,Y,Y,N,Y,N,Y,N,N,N,N,Y,Y,N
티앤비소호사무실 공릉점,서울특별시 노원구 동일로 1038,37.62279319,127.0742459,1845,20000,2,0:00,23:59,0:00,23:59,0:00,23:59,0:00,23:59,0:00,23:59,0:00,23:59,0:00,23:59,Y,N,Y,Y,Y,Y,Y,Y,Y,Y,Y,N,N,Y,Y,Y,Y,N,N,Y,N
카페24창업센터 연신내점,서울특별시 은평구 통일로 906,37.62389246,126.9201926,3341,10000,1,0:00,23:59,0:00,23:59,0:00,23:59,0:00,23:59,0:00,23:59,0:00,23:59,0:00,23:59,Y,Y,Y,Y,Y,Y,Y,Y,Y,Y,Y,N,N,Y,Y,Y,Y,Y,Y,Y,Y
라브레 쇼핑몰 사무실 및 작업실,서울특별시 노원구 동일로 1053,37.62402452,127.073158,1857,20000,2,18:30,23:59,18:30,23:59,18:30,23:59,18:30,23:59,18:30,23:59,0:00,23:59,0:00,23:59,Y,N,N,Y,Y,Y,N,Y,Y,Y,N,Y,N,N,N,Y,N,N,N,Y,N
라움교육컨설팅,경기도 고양시 덕양구 화신로260번길 37,37.63248628,126.8325311,10500,25000,6,10:00,21:30,10:00,22:00,10:00,22:00,10:00,22:00,10:00,22:00,0:00,0:00,0:00,0:00,Y,N,Y,N,Y,Y,N,N,N,Y,Y,Y,N,Y,N,N,N,N,N,Y,N
강북소호사무실 비즈클레버,서울특별시 강북구 삼양로 328,37.63269632,127.0178419,1111,10000,1,9:00,22:00,9:00,22:00,9:00,22:00,9:00,22:00,9:00,22:00,9:00,22:00,9:00,22:00,Y,Y,Y,N,Y,Y,Y,N,N,Y,N,Y,N,Y,N,Y,Y,N,N,Y,N
오늘맑음 소호사무실,서울특별시 강북구 도봉로 274-1,37.6330144,127.0237883,1128,30000,10,0:00,23:59,0:00,23:59,0:00,23:59,0:00,23:59,0:00,23:59,0:00,23:59,0:00,23:59,Y,Y,Y,Y,Y,Y,Y,Y,Y,Y,N,N,N,Y,N,Y,N,N,Y,Y,N
티앤비소호사무실 하계점,서울특별시 노원구 공릉로59가길 9,37.63390152,127.0710589,1830,20000,2,0:00,23:59,0:00,23:59,0:00,23:59,0:00,23:59,0:00,23:59,0:00,23:59,0:00,23:59,Y,N,Y,N,Y,Y,Y,Y,Y,Y,N,N,N,Y,Y,Y,N,N,N,Y,N
남양주소호사무실 비즈클레버,경기도 남양주시 금곡로 64,37.63426909,127.210182,12237,7000,1,7:00,23:00,7:00,23:00,7:00,23:00,7:00,23:00,7:00,23:00,7:00,23:00,7:00,23:00,Y,N,Y,N,Y,Y,Y,N,Y,Y,Y,N,N,Y,Y,N,N,N,N,Y,N
WORKVILLE,경기도 고양시 덕양구 화중로130번길 16,37.63842633,126.8328083,10477,16000,2,9:00,22:00,9:00,22:00,9:00,22:00,9:00,22:00,9:00,22:00,9:00,22:00,9:00,22:00,Y,N,N,Y,Y,Y,Y,Y,Y,N,N,N,N,Y,N,N,N,N,N,Y,N
한피스 수유점,서울특별시 강북구 도봉로 369,37.64034917,127.027742,1054,20000,4,0:00,23:59,0:00,23:59,0:00,23:59,0:00,23:59,0:00,23:59,0:00,23:59,0:00,23:59,Y,N,N,Y,Y,Y,N,Y,Y,Y,N,Y,N,Y,N,N,N,N,Y,Y,N
오피스프렌즈 강북구소호사무실,서울특별시 강북구 한천로 1077,37.64230205,127.0231915,1070,10000,3,0:00,23:59,0:00,23:59,0:00,23:59,0:00,23:59,0:00,23:59,0:00,23:59,0:00,23:59,Y,N,Y,N,N,Y,Y,Y,Y,Y,Y,Y,N,Y,N,N,N,N,N,Y,N
스페이스 소호 고양일산 공유사무실,경기도 고양시 일산동구 일산로 46,37.64235812,126.7879038,10449,16000,3,0:00,23:59,0:00,23:59,0:00,23:59,0:00,23:59,0:00,23:59,0:00,23:59,0:00,23:59,Y,N,Y,Y,Y,Y,Y,Y,Y,Y,N,Y,N,Y,N,Y,N,N,N,Y,N
102스타트업 프라이빗,경기도 고양시 일산동구 중앙로 1080,37.64563853,126.7852311,10447,7000,3,0:00,23:59,0:00,23:59,0:00,23:59,0:00,23:59,0:00,23:59,0:00,23:59,0:00,23:59,Y,Y,Y,N,Y,Y,Y,Y,Y,Y,Y,N,N,Y,N,Y,N,Y,Y,Y,N
한피스 창동점,서울특별시 도봉구 노해로67길 2,37.65243024,127.0500283,1414,30000,6,0:00,23:59,0:00,23:59,0:00,23:59,0:00,23:59,0:00,23:59,0:00,23:59,0:00,23:59,Y,N,N,N,Y,Y,N,Y,Y,Y,Y,N,N,Y,N,N,N,N,Y,Y,N
마인드풀 오피스,경기도 고양시 덕양구 삼송로 238,37.65250185,126.8999505,10592,16000,2,0:00,23:59,0:00,23:59,0:00,23:59,0:00,23:59,0:00,23:59,0:00,23:59,0:00,23:59,Y,N,N,N,Y,Y,N,Y,Y,Y,Y,Y,N,N,N,N,N,N,N,Y,Y
디오피스 스마트,경기도 고양시 일산동구 정발산로 19,37.65672914,126.7706231,10402,7000,4,0:00,23:59,0:00,23:59,0:00,23:59,0:00,23:59,0:00,23:59,0:00,23:59,0:00,23:59,Y,N,Y,Y,N,Y,Y,Y,Y,Y,Y,Y,N,Y,N,N,N,N,Y,Y,N
마이오피스쇼핑몰특화소호사무실,경기도 고양시 일산동구 정발산로 31-10,37.65739364,126.7724041,10402,7000,4,0:00,23:59,0:00,23:59,0:00,23:59,0:00,23:59,0:00,23:59,0:00,23:59,0:00,23:59,Y,N,Y,Y,Y,Y,Y,Y,Y,Y,Y,N,N,Y,N,Y,N,N,N,Y,N
노블소호비즈  - 가성비 갑,경기도 고양시 일산동구 호수로 646-24,37.65970915,126.7678228,10401,7000,2,0:00,23:59,0:00,23:59,0:00,23:59,0:00,23:59,0:00,23:59,0:00,23:59,0:00,23:59,Y,N,Y,N,N,Y,Y,Y,Y,Y,Y,Y,N,Y,N,Y,N,N,N,Y,N
노블소호비즈  - 창有,경기도 고양시 일산동구 호수로 646-24,37.65971022,126.7678138,10401,25000,5,0:00,23:59,0:00,23:59,0:00,23:59,0:00,23:59,0:00,23:59,0:00,23:59,0:00,23:59,Y,Y,Y,N,Y,Y,Y,Y,Y,Y,Y,Y,N,Y,N,Y,N,N,N,Y,N
노블소호비즈  - 가성비 갑,경기도 고양시 일산동구 중앙로1275번길 60-31,37.6601087,126.7684891,10401,16000,3,0:00,23:59,0:00,23:59,0:00,23:59,0:00,23:59,0:00,23:59,0:00,23:59,0:00,23:59,Y,N,Y,N,N,Y,Y,Y,Y,Y,Y,Y,N,Y,N,Y,N,N,N,Y,N
프라이빗 오피스,경기도 고양시 일산동구 중앙로1275번길 60-30,37.66044664,126.7688967,10401,16000,4,0:00,23:59,0:00,23:59,0:00,23:59,0:00,23:59,0:00,23:59,0:00,23:59,0:00,23:59,Y,N,Y,N,N,Y,Y,N,Y,Y,Y,Y,N,Y,N,Y,N,Y,Y,Y,N
오피스프렌즈 노원소호사무실,서울특별시 노원구 한글비석로 415,37.66143269,127.0704568,1682,20000,4,0:00,23:59,0:00,23:59,0:00,23:59,0:00,23:59,0:00,23:59,0:00,23:59,0:00,23:59,Y,N,Y,N,N,Y,Y,Y,Y,Y,Y,Y,N,Y,N,N,N,N,N,Y,N
오피스프렌즈 상계역소호사무실,서울특별시 노원구 한글비석로 416,37.6617023,127.070689,1668,20000,4,0:00,23:59,0:00,23:59,0:00,23:59,0:00,23:59,0:00,23:59,0:00,23:59,0:00,23:59,Y,N,Y,N,N,Y,Y,Y,Y,Y,Y,Y,N,Y,N,N,N,N,N,Y,N
일산 뉴워크 정발산점,경기도 고양시 일산동구 고봉로 32-19,37.66427176,126.7667052,10364,16000,4,0:00,23:59,0:00,23:59,0:00,23:59,0:00,23:59,0:00,23:59,0:00,23:59,0:00,23:59,Y,N,Y,Y,N,Y,Y,Y,Y,Y,Y,Y,N,Y,N,Y,N,N,Y,Y,N
일산 뉴워크 정발산점,경기도 고양시 일산동구 고봉로 32-19,37.66427586,126.7667281,10364,16000,4,0:00,23:59,0:00,23:59,0:00,23:59,0:00,23:59,0:00,23:59,0:00,23:59,0:00,23:59,Y,N,Y,Y,N,Y,Y,Y,Y,Y,Y,N,N,Y,N,Y,N,N,Y,Y,N
정단뮤직스튜디오,경기도 고양시 일산서구 주화로 76,37.66997542,126.7597118,10387,16000,3,0:00,23:59,0:00,23:59,0:00,23:59,0:00,23:59,0:00,23:59,0:00,23:59,0:00,23:59,Y,N,N,N,N,Y,N,Y,Y,Y,Y,Y,N,Y,N,N,N,N,N,Y,N
일산주엽 비즈플러스 소호사무실,경기도 고양시 일산서구 중앙로 1443,37.67039483,126.7597136,10387,7000,1,0:00,23:59,0:00,23:59,0:00,23:59,0:00,23:59,0:00,23:59,0:00,0:00,0:00,0:00,Y,N,Y,Y,N,Y,Y,Y,Y,Y,Y,N,N,Y,N,Y,N,N,Y,Y,N
[일산원데이오피스] 피터비즈센터,경기도 고양시 일산서구 일산로 774,37.67488441,126.748564,10381,16000,4,9:00,18:00,9:00,18:00,9:00,18:00,9:00,18:00,9:00,18:00,0:00,0:00,0:00,0:00,Y,Y,Y,N,N,Y,Y,N,N,Y,N,N,N,Y,N,N,N,N,Y,Y,N
스타트업소호 일산점,경기도 고양시 일산동구 탄중로 429,37.68708851,126.7786459,10338,25000,6,0:00,23:59,0:00,23:59,0:00,23:59,0:00,23:59,0:00,23:59,0:00,23:59,0:00,23:59,Y,N,Y,N,Y,Y,Y,Y,Y,Y,N,N,N,Y,N,N,N,N,N,Y,N
슈가맨워크 진접역점,경기도 남양주시 진접읍 해밀예당1로 220,37.72008855,127.2026158,12059,7000,3,0:00,23:59,0:00,23:59,0:00,23:59,0:00,23:59,0:00,23:59,0:00,23:59,0:00,23:59,Y,N,Y,Y,Y,Y,N,Y,Y,Y,Y,N,N,Y,N,N,N,N,N,Y,N
의정부소호사무실 비즈클레버,경기도 의정부시 충의로57번길 31,37.73622954,127.085658,11789,7000,1,9:00,22:00,9:00,22:00,9:00,22:00,9:00,22:00,9:00,22:00,9:00,22:00,9:00,22:00,Y,N,Y,Y,Y,Y,Y,Y,Y,Y,N,Y,N,Y,N,N,N,N,N,Y,N
[비즈넥스트원]의정부 소호사무실,경기도 의정부시 둔야로17번길 14,37.73765612,127.0389972,11649,16000,3,9:00,22:00,9:00,22:00,9:00,22:00,9:00,22:00,9:00,22:00,9:00,22:00,9:00,22:00,Y,N,Y,N,Y,Y,Y,N,Y,Y,Y,N,N,Y,N,Y,N,N,N,Y,N
한피스 의정부점 ,경기도 의정부시 둔야로33번길 9,37.73880806,127.0391003,11673,25000,7,0:00,23:59,0:00,23:59,0:00,23:59,0:00,23:59,0:00,23:59,0:00,23:59,0:00,23:59,Y,N,N,N,Y,Y,N,Y,Y,Y,N,Y,N,Y,N,N,N,N,Y,Y,N
코워크스테이션,경기도 양주시 광적면 부흥로 847,37.81683623,126.9881679,11416,16000,2,9:00,18:00,9:00,18:00,9:00,18:00,9:00,18:00,9:00,18:00,0:00,0:00,0:00,0:00,Y,Y,Y,Y,Y,Y,Y,Y,Y,Y,Y,N,N,Y,Y,Y,N,N,Y,Y,N
슈가맨워크 옥정점,경기도 양주시 옥정동로7다길 74,37.82073374,127.0928268,11473,7000,4,0:00,23:59,0:00,23:59,0:00,23:59,0:00,23:59,0:00,23:59,0:00,23:59,0:00,23:59,Y,N,Y,Y,Y,Y,Y,Y,Y,Y,Y,N,N,Y,N,N,N,N,N,Y,N
